financial_year,column,category,count,proportion
2010/11,ACCIDENTAL_OR_DELIBERATE,Recorded as Accidental,14690,0.7077471574484486
2010/11,ACCIDENTAL_OR_DELIBERATE,Recorded as Deliberate,6066,0.2922528425515514
2011/12,ACCIDENTAL_OR_DELIBERATE,Recorded as Accidental,14208,0.6991093834571668
2011/12,ACCIDENTAL_OR_DELIBERATE,Recorded as Deliberate,6115,0.3008906165428332
2012/13,ACCIDENTAL_OR_DELIBERATE,Recorded as Accidental,12231,0.7408237431859479
2012/13,ACCIDENTAL_OR_DELIBERATE,Recorded as Deliberate,4279,0.2591762568140521
2013/14,ACCIDENTAL_OR_DELIBERATE,Recorded as Accidental,12493,0.7555031446540881
2013/14,ACCIDENTAL_OR_DELIBERATE,Recorded as Deliberate,4043,0.24449685534591195
2014/15,ACCIDENTAL_OR_DELIBERATE,Recorded as Accidental,11736,0.7539509186688937
2014/15,ACCIDENTAL_OR_DELIBERATE,Recorded as Deliberate,3830,0.24604908133110626
2015/16,ACCIDENTAL_OR_DELIBERATE,Recorded as Accidental,11588,0.7229847766408785
2015/16,ACCIDENTAL_OR_DELIBERATE,Recorded as Deliberate,4440,0.27701522335912154
2016/17,ACCIDENTAL_OR_DELIBERATE,Recorded as Accidental,11287,0.7111265120967742
2016/17,ACCIDENTAL_OR_DELIBERATE,Recorded as Deliberate,4585,0.2888734879032258
2017/18,ACCIDENTAL_OR_DELIBERATE,Recorded as Accidental,11165,0.7147429742013955
2017/18,ACCIDENTAL_OR_DELIBERATE,Recorded as Deliberate,4456,0.28525702579860446
2018/19,ACCIDENTAL_OR_DELIBERATE,Recorded as Accidental,11392,0.7576987030262721
2018/19,ACCIDENTAL_OR_DELIBERATE,Recorded as Deliberate,3643,0.24230129697372796
2019/20,ACCIDENTAL_OR_DELIBERATE,Recorded as Accidental,10451,0.7292073681272676
2019/20,ACCIDENTAL_OR_DELIBERATE,Recorded as Deliberate,3881,0.27079263187273234
2020/21,ACCIDENTAL_OR_DELIBERATE,Recorded as Accidental,9198,0.7713854411271386
2020/21,ACCIDENTAL_OR_DELIBERATE,Recorded as Deliberate,2726,0.22861455887286145
2021/22,ACCIDENTAL_OR_DELIBERATE,Recorded as Accidental,9856,0.7608460707117493
2021/22,ACCIDENTAL_OR_DELIBERATE,Recorded as Deliberate,3098,0.23915392928825074
2022/23,ACCIDENTAL_OR_DELIBERATE,Recorded as Accidental,10079,0.7423037266165856
2022/23,ACCIDENTAL_OR_DELIBERATE,Recorded as Deliberate,3499,0.25769627338341433
2023/24,ACCIDENTAL_OR_DELIBERATE,Recorded as Accidental,9194,0.6912781954887218
2023/24,ACCIDENTAL_OR_DELIBERATE,Recorded as Deliberate,4106,0.3087218045112782
2024/25,ACCIDENTAL_OR_DELIBERATE,Recorded as Accidental,8956,0.6788448419616463
2024/25,ACCIDENTAL_OR_DELIBERATE,Recorded as Deliberate,4237,0.32115515803835365
2025/26,ACCIDENTAL_OR_DELIBERATE,Recorded as Accidental,9953,0.7276116675195555
2025/26,ACCIDENTAL_OR_DELIBERATE,Recorded as Deliberate,3726,0.2723883324804445
2010/11,ALARM_SYSTEM,Alarm Absent,10734,0.517151666987859
2010/11,ALARM_SYSTEM,Alarm Present and raised the alarm,6592,0.3175949123145115
2010/11,ALARM_SYSTEM,Alarm Present but did not operate,2495,0.12020620543457314
2010/11,ALARM_SYSTEM,Alarm Present but did not raise alarm,935,0.04504721526305647
2011/12,ALARM_SYSTEM,Alarm Absent,10682,0.525611376273188
2011/12,ALARM_SYSTEM,Alarm Present and raised the alarm,6114,0.30084141120897506
2011/12,ALARM_SYSTEM,Alarm Present but did not operate,2507,0.1233577719824829
2011/12,ALARM_SYSTEM,Alarm Present but did not raise alarm,1020,0.050189440535354034
2012/13,ALARM_SYSTEM,Alarm Absent,7697,0.4662023016353725
2012/13,ALARM_SYSTEM,Alarm Present and raised the alarm,5699,0.3451847365233192
2012/13,ALARM_SYSTEM,Alarm Present but did not operate,2238,0.1355542095699576
2012/13,ALARM_SYSTEM,Alarm Present but did not raise alarm,876,0.0530587522713507
2013/14,ALARM_SYSTEM,Alarm Absent,7851,0.4747822931785196
2013/14,ALARM_SYSTEM,Alarm Present and raised the alarm,5576,0.33720367682631835
2013/14,ALARM_SYSTEM,Alarm Present but did not operate,2180,0.13183357522980166
2013/14,ALARM_SYSTEM,Alarm Present but did not raise alarm,929,0.056180454765360426
2014/15,ALARM_SYSTEM,Alarm Absent,7119,0.457342926891944
2014/15,ALARM_SYSTEM,Alarm Present and raised the alarm,5553,0.3567390466401131
2014/15,ALARM_SYSTEM,Alarm Present but did not operate,2031,0.13047667994346654
2014/15,ALARM_SYSTEM,Alarm Present but did not raise alarm,863,0.05544134652447642
2015/16,ALARM_SYSTEM,Alarm Absent,7342,0.4580733715997005
2015/16,ALARM_SYSTEM,Alarm Present and raised the alarm,5737,0.3579361118043424
2015/16,ALARM_SYSTEM,Alarm Present but did not operate,2049,0.12783878213127028
2015/16,ALARM_SYSTEM,Alarm Present but did not raise alarm,900,0.0561517344646868
2016/17,ALARM_SYSTEM,Alarm Absent,7176,0.45211693548387094
2016/17,ALARM_SYSTEM,Alarm Present and raised the alarm,5808,0.3659274193548387
2016/17,ALARM_SYSTEM,Alarm Present but did not operate,1985,0.12506300403225806
2016/17,ALARM_SYSTEM,Alarm Present but did not raise alarm,903,0.05689264112903226
2017/18,ALARM_SYSTEM,Alarm Absent,7237,0.4632866013699507
2017/18,ALARM_SYSTEM,Alarm Present and raised the alarm,5474,0.3504257089814993
2017/18,ALARM_SYSTEM,Alarm Present but did not operate,1935,0.12387171115805647
2017/18,ALARM_SYSTEM,Alarm Present but did not raise alarm,975,0.062415978490493566
2018/19,ALARM_SYSTEM,Alarm Absent,7282,0.4843365480545394
2018/19,ALARM_SYSTEM,Alarm Present and raised the alarm,5155,0.3428666444961756
2018/19,ALARM_SYSTEM,Alarm Present but did not operate,1746,0.11612903225806452
2018/19,ALARM_SYSTEM,Alarm Present but did not raise alarm,852,0.05666777519122049
2019/20,ALARM_SYSTEM,Alarm Absent,6626,0.46232207647222995
2019/20,ALARM_SYSTEM,Alarm Present and raised the alarm,5250,0.3663131454088752
2019/20,ALARM_SYSTEM,Alarm Present but did not operate,1672,0.11666201507116941
2019/20,ALARM_SYSTEM,Alarm Present but did not raise alarm,784,0.05470276304772537
2020/21,ALARM_SYSTEM,Alarm Absent,6554,0.5496477692049648
2020/21,ALARM_SYSTEM,Alarm Present and raised the alarm,3701,0.3103824220060382
2020/21,ALARM_SYSTEM,Alarm Present but did not operate,1110,0.09308956725930896
2020/21,ALARM_SYSTEM,Alarm Present but did not raise alarm,559,0.046880241529688026
2021/22,ALARM_SYSTEM,Alarm Absent,6170,0.4763007565230817
2021/22,ALARM_SYSTEM,Alarm Present and raised the alarm,4626,0.3571097730430755
2021/22,ALARM_SYSTEM,Alarm Present but did not operate,1475,0.11386444341516135
2021/22,ALARM_SYSTEM,Alarm Present but did not raise alarm,683,0.05272502701868149
2022/23,ALARM_SYSTEM,Alarm Absent,6610,0.4868169097068788
2022/23,ALARM_SYSTEM,Alarm Present and raised the alarm,4897,0.36065694505818235
2022/23,ALARM_SYSTEM,Alarm Present but did not operate,1368,0.10075121520106053
2022/23,ALARM_SYSTEM,Alarm Present but did not raise alarm,703,0.051774930033878334
2023/24,ALARM_SYSTEM,Alarm Absent,5777,0.4343609022556391
2023/24,ALARM_SYSTEM,Alarm Present and raised the alarm,5511,0.4143609022556391
2023/24,ALARM_SYSTEM,Alarm Present but did not operate,1305,0.0981203007518797
2023/24,ALARM_SYSTEM,Alarm Present but did not raise alarm,707,0.053157894736842105
2024/25,ALARM_SYSTEM,Alarm Absent,5755,0.43621617524444783
2024/25,ALARM_SYSTEM,Alarm Present and raised the alarm,5381,0.40786780868642464
2024/25,ALARM_SYSTEM,Alarm Present but did not operate,1351,0.10240278935799288
2024/25,ALARM_SYSTEM,Alarm Present but did not raise alarm,706,0.05351322671113469
2025/26,ALARM_SYSTEM,Alarm Absent,6330,0.46275312522845236
2025/26,ALARM_SYSTEM,Alarm Present and raised the alarm,5300,0.3874552233350391
2025/26,ALARM_SYSTEM,Alarm Present but did not operate,1373,0.10037283427151107
2025/26,ALARM_SYSTEM,Alarm Present but did not raise alarm,676,0.04941881716499744
2010/11,BUILDING_TYPE,Shed / Garage / Greenhouse / Summer house,4053,0.19526883792638272
2010/11,BUILDING_TYPE,Retail,2123,0.10228367700905762
2010/11,BUILDING_TYPE,Other,983,0.04735979957602621
2010/11,BUILDING_TYPE,Offices and call centres,821,0.039554827519753324
2010/11,BUILDING_TYPE,Pub / Wine bar / Bar,807,0.038880323761803816
2010/11,BUILDING_TYPE,Residential (not a dwelling),770,0.037097706687222974
2010/11,BUILDING_TYPE,Factory,759,0.03656773944883407
2010/11,BUILDING_TYPE,Hospital,755,0.03637502408941993
2010/11,BUILDING_TYPE,Permanent Agricultural,689,0.033195220659086526
2010/11,BUILDING_TYPE,Industrial Manufacturing (not including Factory),684,0.03295432645981885
2010/11,BUILDING_TYPE,Nursing / Care Home,609,0.02934091347080362
2010/11,BUILDING_TYPE,Restaurant / Cafe,490,0.0236076315282328
2010/11,BUILDING_TYPE,Warehouses and bulk storage,465,0.02240316053189439
2010/11,BUILDING_TYPE,Entertainment and Culture,464,0.022354981692040855
2010/11,BUILDING_TYPE,Student Hall of Residence,452,0.02177683561379842
2010/11,BUILDING_TYPE,Prison,434,0.020909616496434767
2010/11,BUILDING_TYPE,Takeaway / Fast food,434,0.020909616496434767
2010/11,BUILDING_TYPE,Hotel / Motel,404,0.019464251300828676
2010/11,BUILDING_TYPE,Pre School / Nursery / Infant / Primary School,370,0.01782617074580844
2010/11,BUILDING_TYPE,Retirement Care Home,350,0.016862593948737715
2010/11,BUILDING_TYPE,Sporting venues,341,0.016428984390055888
2010/11,BUILDING_TYPE,Vehicle Repair,312,0.015031798034303333
2010/11,BUILDING_TYPE,Hostel,268,0.012911929080747736
2010/11,BUILDING_TYPE,Industrial Processing (not including Recycling Centre),268,0.012911929080747736
2010/11,BUILDING_TYPE,Public Utilities,267,0.012863750240894199
2010/11,BUILDING_TYPE,Other Residential Home,251,0.012092888803237618
2010/11,BUILDING_TYPE,Sheltered Housing - not self contained,243,0.011707458084409327
2010/11,BUILDING_TYPE,Secondary School,236,0.011370206205434573
2010/11,BUILDING_TYPE,"Public admin, security and safety",205,0.009876662169974947
2010/11,BUILDING_TYPE,College / University,186,0.008961264212757758
2010/11,BUILDING_TYPE,Transport buildings,171,0.008238581614954712
2010/11,BUILDING_TYPE,Medical care (not including Hospital),162,0.007804972056272885
2010/11,BUILDING_TYPE,Shopping Centre,152,0.007323183657737522
2010/11,BUILDING_TYPE,Recycling Centre,138,0.006648679899788013
2010/11,BUILDING_TYPE,Temporary office (eg portacabin),129,0.006215070341106186
2010/11,BUILDING_TYPE,Church / Chapel / Cathedral,125,0.006022354981692041
2010/11,BUILDING_TYPE,Bank / Building Society,91,0.004384274426671806
2010/11,BUILDING_TYPE,Casino / Club / Nightclub,83,0.003998843707843515
2010/11,BUILDING_TYPE,Young Offenders Unit,64,0.0030834457506263247
2010/11,BUILDING_TYPE,Other Education Establishment,63,0.003035266910772789
2010/11,BUILDING_TYPE,Petrol station,55,0.002649836191944498
2010/11,BUILDING_TYPE,Other Religious,15,0.0007226825978030449
2010/11,BUILDING_TYPE,Mosque,9,0.00043360955868182693
2010/11,BUILDING_TYPE,Temple,5,0.00024089419926768163
2010/11,BUILDING_TYPE,Synagogue,1,4.8178839853536324e-05
2011/12,BUILDING_TYPE,Shed / Garage / Greenhouse / Summer house,4268,0.2100083649067559
2011/12,BUILDING_TYPE,Retail,2132,0.10490577178566157
2011/12,BUILDING_TYPE,Other,929,0.045711755154258724
2011/12,BUILDING_TYPE,Residential (not a dwelling),797,0.03921665108497761
2011/12,BUILDING_TYPE,Offices and call centres,772,0.03798651773852286
2011/12,BUILDING_TYPE,Pub / Wine bar / Bar,762,0.037494464399940954
2011/12,BUILDING_TYPE,Permanent Agricultural,720,0.035427840377896966
2011/12,BUILDING_TYPE,Factory,696,0.0342469123653004
2011/12,BUILDING_TYPE,Hospital,653,0.032131083009398216
2011/12,BUILDING_TYPE,Industrial Manufacturing (not including Factory),643,0.03163902967081632
2011/12,BUILDING_TYPE,Nursing / Care Home,542,0.026669290951139103
2011/12,BUILDING_TYPE,Restaurant / Cafe,486,0.02391379225508045
2011/12,BUILDING_TYPE,Prison,477,0.02347094425035674
2011/12,BUILDING_TYPE,Warehouses and bulk storage,474,0.02332332824878217
2011/12,BUILDING_TYPE,Entertainment and Culture,460,0.022634453574767503
2011/12,BUILDING_TYPE,Takeaway / Fast food,460,0.022634453574767503
2011/12,BUILDING_TYPE,Hotel / Motel,378,0.018599616198395907
2011/12,BUILDING_TYPE,Student Hall of Residence,367,0.018058357525955814
2011/12,BUILDING_TYPE,Sporting venues,341,0.016779018845642868
2011/12,BUILDING_TYPE,Retirement Care Home,340,0.016729813511784677
2011/12,BUILDING_TYPE,Pre School / Nursery / Infant / Primary School,334,0.016434581508635537
2011/12,BUILDING_TYPE,Vehicle Repair,305,0.01500762682674802
2011/12,BUILDING_TYPE,Industrial Processing (not including Recycling Centre),290,0.014269546818875167
2011/12,BUILDING_TYPE,Hostel,226,0.011120405451950992
2011/12,BUILDING_TYPE,Public Utilities,222,0.010923584116518231
2011/12,BUILDING_TYPE,Other Residential Home,221,0.01087437878266004
2011/12,BUILDING_TYPE,Secondary School,221,0.01087437878266004
2011/12,BUILDING_TYPE,Sheltered Housing - not self contained,221,0.01087437878266004
2011/12,BUILDING_TYPE,"Public admin, security and safety",204,0.010037888107070807
2011/12,BUILDING_TYPE,College / University,191,0.009398218766914334
2011/12,BUILDING_TYPE,Medical care (not including Hospital),183,0.009004576096048812
2011/12,BUILDING_TYPE,Recycling Centre,158,0.007774442749594056
2011/12,BUILDING_TYPE,Shopping Centre,158,0.007774442749594056
2011/12,BUILDING_TYPE,Transport buildings,138,0.006790336072430251
2011/12,BUILDING_TYPE,Temporary office (eg portacabin),122,0.006003050730699208
2011/12,BUILDING_TYPE,Church / Chapel / Cathedral,102,0.0050189440535354036
2011/12,BUILDING_TYPE,Bank / Building Society,76,0.0037396053732224573
2011/12,BUILDING_TYPE,Casino / Club / Nightclub,75,0.003690400039364267
2011/12,BUILDING_TYPE,Other Education Establishment,75,0.003690400039364267
2011/12,BUILDING_TYPE,Petrol station,43,0.0021158293559021797
2011/12,BUILDING_TYPE,Young Offenders Unit,25,0.0012301333464547557
2011/12,BUILDING_TYPE,Other Religious,19,0.0009349013433056143
2011/12,BUILDING_TYPE,Mosque,9,0.00044284800472371206
2011/12,BUILDING_TYPE,Synagogue,5,0.00024602666929095116
2011/12,BUILDING_TYPE,Temple,3,0.00014761600157457068
2012/13,BUILDING_TYPE,Shed / Garage / Greenhouse / Summer house,2749,0.16650514839491218
2012/13,BUILDING_TYPE,Retail,1748,0.10587522713506965
2012/13,BUILDING_TYPE,Other,711,0.04306480920654149
2012/13,BUILDING_TYPE,Industrial Manufacturing (not including Factory),691,0.041853422168382795
2012/13,BUILDING_TYPE,Offices and call centres,677,0.041005451241671716
2012/13,BUILDING_TYPE,Pub / Wine bar / Bar,650,0.03937007874015748
2012/13,BUILDING_TYPE,Residential (not a dwelling),596,0.036099333737129015
2012/13,BUILDING_TYPE,Hospital,564,0.03416111447607511
2012/13,BUILDING_TYPE,Permanent Agricultural,560,0.03391883706844337
2012/13,BUILDING_TYPE,Restaurant / Cafe,553,0.033494851605087826
2012/13,BUILDING_TYPE,Factory,516,0.031253785584494244
2012/13,BUILDING_TYPE,Prison,458,0.02774076317383404
2012/13,BUILDING_TYPE,Nursing / Care Home,431,0.026105390672319807
2012/13,BUILDING_TYPE,Entertainment and Culture,396,0.023985463355542094
2012/13,BUILDING_TYPE,Retirement Care Home,394,0.023864324651726228
2012/13,BUILDING_TYPE,Takeaway / Fast food,367,0.022228952150211992
2012/13,BUILDING_TYPE,Pre School / Nursery / Infant / Primary School,359,0.021744397334948515
2012/13,BUILDING_TYPE,Warehouses and bulk storage,340,0.02059357964869776
2012/13,BUILDING_TYPE,Hotel / Motel,330,0.019987886129618413
2012/13,BUILDING_TYPE,Student Hall of Residence,270,0.01635372501514234
2012/13,BUILDING_TYPE,Sporting venues,268,0.01623258631132647
2012/13,BUILDING_TYPE,Hostel,245,0.014839491217443974
2012/13,BUILDING_TYPE,Vehicle Repair,240,0.014536644457904301
2012/13,BUILDING_TYPE,Public Utilities,222,0.013446396123561478
2012/13,BUILDING_TYPE,Other Residential Home,216,0.01308298001211387
2012/13,BUILDING_TYPE,Industrial Processing (not including Recycling Centre),202,0.012235009085402785
2012/13,BUILDING_TYPE,Medical care (not including Hospital),197,0.011932162325863114
2012/13,BUILDING_TYPE,Secondary School,179,0.010841913991520291
2012/13,BUILDING_TYPE,"Public admin, security and safety",162,0.009812235009085403
2012/13,BUILDING_TYPE,College / University,161,0.009751665657177468
2012/13,BUILDING_TYPE,Sheltered Housing - not self contained,155,0.00938824954572986
2012/13,BUILDING_TYPE,Shopping Centre,143,0.008661417322834646
2012/13,BUILDING_TYPE,Transport buildings,143,0.008661417322834646
2012/13,BUILDING_TYPE,Recycling Centre,119,0.0072077528770442155
2012/13,BUILDING_TYPE,Church / Chapel / Cathedral,98,0.0059357964869775895
2012/13,BUILDING_TYPE,Temporary office (eg portacabin),93,0.005632949727437916
2012/13,BUILDING_TYPE,Other Education Establishment,75,0.0045427013930950935
2012/13,BUILDING_TYPE,Bank / Building Society,71,0.004300423985463355
2012/13,BUILDING_TYPE,Casino / Club / Nightclub,61,0.0036947304663840098
2012/13,BUILDING_TYPE,Petrol station,38,0.0023016353725015142
2012/13,BUILDING_TYPE,Young Offenders Unit,29,0.001756511205330103
2012/13,BUILDING_TYPE,Other Religious,19,0.0011508176862507571
2012/13,BUILDING_TYPE,Mosque,7,0.0004239854633555421
2012/13,BUILDING_TYPE,Synagogue,4,0.00024227740763173834
2012/13,BUILDING_TYPE,Temple,3,0.00018170805572380376
2013/14,BUILDING_TYPE,Shed / Garage / Greenhouse / Summer house,3131,0.18934446057087567
2013/14,BUILDING_TYPE,Retail,1738,0.10510401548137398
2013/14,BUILDING_TYPE,Industrial Manufacturing (not including Factory),679,0.04106192549588776
2013/14,BUILDING_TYPE,Offices and call centres,669,0.04045718432510886
2013/14,BUILDING_TYPE,Other,630,0.038098693759071114
2013/14,BUILDING_TYPE,Pub / Wine bar / Bar,628,0.037977745524915334
2013/14,BUILDING_TYPE,Permanent Agricultural,597,0.03610304789550073
2013/14,BUILDING_TYPE,Hospital,566,0.034228350266086116
2013/14,BUILDING_TYPE,Restaurant / Cafe,557,0.0336840832123851
2013/14,BUILDING_TYPE,Residential (not a dwelling),542,0.03277697145621674
2013/14,BUILDING_TYPE,Prison,536,0.0324141267537494
2013/14,BUILDING_TYPE,Factory,456,0.027576197387518143
2013/14,BUILDING_TYPE,Nursing / Care Home,416,0.025157232704402517
2013/14,BUILDING_TYPE,Retirement Care Home,406,0.02455249153362361
2013/14,BUILDING_TYPE,Takeaway / Fast food,404,0.02443154329946783
2013/14,BUILDING_TYPE,Warehouses and bulk storage,342,0.020682148040638608
2013/14,BUILDING_TYPE,Entertainment and Culture,331,0.02001693275278181
2013/14,BUILDING_TYPE,Hotel / Motel,323,0.019533139816158684
2013/14,BUILDING_TYPE,Pre School / Nursery / Infant / Primary School,305,0.018444605708756653
2013/14,BUILDING_TYPE,Sporting venues,282,0.017053701015965168
2013/14,BUILDING_TYPE,Student Hall of Residence,257,0.015541848089017901
2013/14,BUILDING_TYPE,Public Utilities,241,0.01457426221577165
2013/14,BUILDING_TYPE,Vehicle Repair,240,0.01451378809869376
2013/14,BUILDING_TYPE,Industrial Processing (not including Recycling Centre),210,0.01269956458635704
2013/14,BUILDING_TYPE,Hostel,208,0.012578616352201259
2013/14,BUILDING_TYPE,Secondary School,202,0.012215771649733915
2013/14,BUILDING_TYPE,Medical care (not including Hospital),190,0.011490082244799226
2013/14,BUILDING_TYPE,Other Residential Home,183,0.011066763425253992
2013/14,BUILDING_TYPE,Recycling Centre,160,0.009675858732462506
2013/14,BUILDING_TYPE,"Public admin, security and safety",157,0.009494436381228833
2013/14,BUILDING_TYPE,Sheltered Housing - not self contained,154,0.009313014029995162
2013/14,BUILDING_TYPE,College / University,135,0.00816400580551524
2013/14,BUILDING_TYPE,Transport buildings,126,0.007619738751814224
2013/14,BUILDING_TYPE,Shopping Centre,110,0.006652152878567973
2013/14,BUILDING_TYPE,Church / Chapel / Cathedral,78,0.0047169811320754715
2013/14,BUILDING_TYPE,Bank / Building Society,66,0.0039912917271407835
2013/14,BUILDING_TYPE,Temporary office (eg portacabin),63,0.003809869375907112
2013/14,BUILDING_TYPE,Other Education Establishment,57,0.003447024673439768
2013/14,BUILDING_TYPE,Casino / Club / Nightclub,52,0.0031446540880503146
2013/14,BUILDING_TYPE,Young Offenders Unit,36,0.0021770682148040637
2013/14,BUILDING_TYPE,Petrol station,34,0.0020561199806482825
2013/14,BUILDING_TYPE,Other Religious,23,0.0013909046927914853
2013/14,BUILDING_TYPE,Mosque,8,0.0004837929366231253
2013/14,BUILDING_TYPE,Temple,5,0.0003023705853894533
2013/14,BUILDING_TYPE,Synagogue,3,0.000181422351233672
2014/15,BUILDING_TYPE,Shed / Garage / Greenhouse / Summer house,2675,0.1718489014518823
2014/15,BUILDING_TYPE,Retail,1630,0.10471540537067969
2014/15,BUILDING_TYPE,Industrial Manufacturing (not including Factory),712,0.045740716947192596
2014/15,BUILDING_TYPE,Prison,686,0.04407040986766028
2014/15,BUILDING_TYPE,Pub / Wine bar / Bar,612,0.03931645894899139
2014/15,BUILDING_TYPE,Other,601,0.038609790569189256
2014/15,BUILDING_TYPE,Offices and call centres,572,0.03674675574971091
2014/15,BUILDING_TYPE,Hospital,533,0.034241295130412436
2014/15,BUILDING_TYPE,Restaurant / Cafe,533,0.034241295130412436
2014/15,BUILDING_TYPE,Permanent Agricultural,532,0.03417705255043042
2014/15,BUILDING_TYPE,Residential (not a dwelling),519,0.03334189901066427
2014/15,BUILDING_TYPE,Factory,449,0.028844918411923423
2014/15,BUILDING_TYPE,Takeaway / Fast food,402,0.025825517152768856
2014/15,BUILDING_TYPE,Retirement Care Home,374,0.024026724913272516
2014/15,BUILDING_TYPE,Entertainment and Culture,354,0.022741873313632276
2014/15,BUILDING_TYPE,Nursing / Care Home,354,0.022741873313632276
2014/15,BUILDING_TYPE,Hotel / Motel,322,0.020686110754207888
2014/15,BUILDING_TYPE,Warehouses and bulk storage,304,0.019529744314531673
2014/15,BUILDING_TYPE,Sporting venues,280,0.01798792239496338
2014/15,BUILDING_TYPE,Pre School / Nursery / Infant / Primary School,276,0.017730952075035333
2014/15,BUILDING_TYPE,Student Hall of Residence,242,0.015546704355646923
2014/15,BUILDING_TYPE,Vehicle Repair,236,0.015161248875754851
2014/15,BUILDING_TYPE,Other Residential Home,203,0.013041243736348452
2014/15,BUILDING_TYPE,Industrial Processing (not including Recycling Centre),202,0.012977001156366439
2014/15,BUILDING_TYPE,Public Utilities,190,0.012206090196582295
2014/15,BUILDING_TYPE,Hostel,185,0.011884877296672234
2014/15,BUILDING_TYPE,Secondary School,183,0.01175639213670821
2014/15,BUILDING_TYPE,Sheltered Housing - not self contained,175,0.011242451496852114
2014/15,BUILDING_TYPE,Medical care (not including Hospital),172,0.011049723756906077
2014/15,BUILDING_TYPE,"Public admin, security and safety",169,0.010856996016960042
2014/15,BUILDING_TYPE,College / University,146,0.009379416677373763
2014/15,BUILDING_TYPE,Recycling Centre,128,0.008223050237697547
2014/15,BUILDING_TYPE,Transport buildings,125,0.00803032249775151
2014/15,BUILDING_TYPE,Shopping Centre,106,0.0068097134780932805
2014/15,BUILDING_TYPE,Temporary office (eg portacabin),74,0.004753950918668893
2014/15,BUILDING_TYPE,Church / Chapel / Cathedral,65,0.004175767698830785
2014/15,BUILDING_TYPE,Casino / Club / Nightclub,57,0.0036618270589746883
2014/15,BUILDING_TYPE,Young Offenders Unit,47,0.0030194012591545677
2014/15,BUILDING_TYPE,Bank / Building Society,43,0.0027624309392265192
2014/15,BUILDING_TYPE,Other Education Establishment,39,0.002505460619298471
2014/15,BUILDING_TYPE,Petrol station,37,0.0023769754593344467
2014/15,BUILDING_TYPE,Other Religious,9,0.0005781832198381087
2014/15,BUILDING_TYPE,Mosque,5,0.0003212128999100604
2014/15,BUILDING_TYPE,Temple,5,0.0003212128999100604
2014/15,BUILDING_TYPE,Synagogue,3,0.00019272773994603623
2015/16,BUILDING_TYPE,Shed / Garage / Greenhouse / Summer house,2883,0.17987272273521338
2015/16,BUILDING_TYPE,Retail,1530,0.09545794858996756
2015/16,BUILDING_TYPE,Prison,1122,0.07000249563264288
2015/16,BUILDING_TYPE,Industrial Manufacturing (not including Factory),653,0.04074120289493387
2015/16,BUILDING_TYPE,Other,645,0.040242076366358875
2015/16,BUILDING_TYPE,Pub / Wine bar / Bar,625,0.03899426004492139
2015/16,BUILDING_TYPE,Offices and call centres,576,0.03593711005739955
2015/16,BUILDING_TYPE,Permanent Agricultural,575,0.03587471924132768
2015/16,BUILDING_TYPE,Restaurant / Cafe,571,0.03562515597704018
2015/16,BUILDING_TYPE,Hospital,550,0.03431494883953082
2015/16,BUILDING_TYPE,Residential (not a dwelling),488,0.03044671824307462
2015/16,BUILDING_TYPE,Factory,401,0.02501871724482156
2015/16,BUILDING_TYPE,Takeaway / Fast food,374,0.02333416521088096
2015/16,BUILDING_TYPE,Nursing / Care Home,370,0.023084601946593463
2015/16,BUILDING_TYPE,Retirement Care Home,369,0.023022211130521587
2015/16,BUILDING_TYPE,Entertainment and Culture,350,0.021836785625155977
2015/16,BUILDING_TYPE,Hotel / Motel,334,0.02083853256800599
2015/16,BUILDING_TYPE,Pre School / Nursery / Infant / Primary School,308,0.01921637135013726
2015/16,BUILDING_TYPE,Warehouses and bulk storage,295,0.018405290741202895
2015/16,BUILDING_TYPE,Sporting venues,259,0.01615922136261542
2015/16,BUILDING_TYPE,Student Hall of Residence,218,0.01360119790366858
2015/16,BUILDING_TYPE,Vehicle Repair,217,0.013538807087596706
2015/16,BUILDING_TYPE,Industrial Processing (not including Recycling Centre),200,0.012478163214374845
2015/16,BUILDING_TYPE,Medical care (not including Hospital),184,0.011479910157224856
2015/16,BUILDING_TYPE,Public Utilities,183,0.011417519341152982
2015/16,BUILDING_TYPE,Hostel,177,0.011043174444721736
2015/16,BUILDING_TYPE,Other Residential Home,175,0.010918392812577988
2015/16,BUILDING_TYPE,Secondary School,175,0.010918392812577988
2015/16,BUILDING_TYPE,Sheltered Housing - not self contained,148,0.009233840778637384
2015/16,BUILDING_TYPE,"Public admin, security and safety",136,0.008485150985774894
2015/16,BUILDING_TYPE,Transport buildings,135,0.00842276016970302
2015/16,BUILDING_TYPE,Recycling Centre,129,0.008048415273271775
2015/16,BUILDING_TYPE,College / University,125,0.007798852008984278
2015/16,BUILDING_TYPE,Shopping Centre,99,0.0061766907911155475
2015/16,BUILDING_TYPE,Church / Chapel / Cathedral,86,0.005365610182181183
2015/16,BUILDING_TYPE,Temporary office (eg portacabin),72,0.004492138757174944
2015/16,BUILDING_TYPE,Young Offenders Unit,71,0.00442974794110307
2015/16,BUILDING_TYPE,Bank / Building Society,61,0.0038058397803843276
2015/16,BUILDING_TYPE,Casino / Club / Nightclub,57,0.0035562765160968303
2015/16,BUILDING_TYPE,Other Education Establishment,44,0.0027451959071624656
2015/16,BUILDING_TYPE,Petrol station,36,0.002246069378587472
2015/16,BUILDING_TYPE,Other Religious,13,0.0008110806089343649
2015/16,BUILDING_TYPE,Mosque,5,0.0003119540803593711
2015/16,BUILDING_TYPE,Temple,4,0.0002495632642874969
2016/17,BUILDING_TYPE,Shed / Garage / Greenhouse / Summer house,2815,0.17735635080645162
2016/17,BUILDING_TYPE,Retail,1540,0.09702620967741936
2016/17,BUILDING_TYPE,Prison,1328,0.08366935483870967
2016/17,BUILDING_TYPE,Other,690,0.043472782258064516
2016/17,BUILDING_TYPE,Industrial Manufacturing (not including Factory),660,0.04158266129032258
2016/17,BUILDING_TYPE,Restaurant / Cafe,618,0.03893649193548387
2016/17,BUILDING_TYPE,Pub / Wine bar / Bar,595,0.03748739919354839
2016/17,BUILDING_TYPE,Permanent Agricultural,554,0.03490423387096774
2016/17,BUILDING_TYPE,Offices and call centres,539,0.033959173387096774
2016/17,BUILDING_TYPE,Hospital,460,0.028981854838709676
2016/17,BUILDING_TYPE,Residential (not a dwelling),455,0.028666834677419355
2016/17,BUILDING_TYPE,Takeaway / Fast food,410,0.025831653225806453
2016/17,BUILDING_TYPE,Factory,390,0.02457157258064516
2016/17,BUILDING_TYPE,Nursing / Care Home,341,0.021484375
2016/17,BUILDING_TYPE,Pre School / Nursery / Infant / Primary School,318,0.020035282258064516
2016/17,BUILDING_TYPE,Retirement Care Home,318,0.020035282258064516
2016/17,BUILDING_TYPE,Entertainment and Culture,317,0.019972278225806453
2016/17,BUILDING_TYPE,Hotel / Motel,303,0.019090221774193547
2016/17,BUILDING_TYPE,Sporting venues,282,0.017767137096774195
2016/17,BUILDING_TYPE,Warehouses and bulk storage,279,0.017578125
2016/17,BUILDING_TYPE,Vehicle Repair,229,0.014427923387096774
2016/17,BUILDING_TYPE,Student Hall of Residence,209,0.013167842741935484
2016/17,BUILDING_TYPE,Medical care (not including Hospital),197,0.012411794354838709
2016/17,BUILDING_TYPE,Public Utilities,197,0.012411794354838709
2016/17,BUILDING_TYPE,Secondary School,164,0.01033266129032258
2016/17,BUILDING_TYPE,Other Residential Home,163,0.010269657258064516
2016/17,BUILDING_TYPE,Recycling Centre,156,0.009828629032258064
2016/17,BUILDING_TYPE,College / University,154,0.009702620967741936
2016/17,BUILDING_TYPE,Industrial Processing (not including Recycling Centre),149,0.009387600806451613
2016/17,BUILDING_TYPE,Hostel,144,0.009072580645161291
2016/17,BUILDING_TYPE,Transport buildings,133,0.00837953629032258
2016/17,BUILDING_TYPE,"Public admin, security and safety",119,0.007497479838709678
2016/17,BUILDING_TYPE,Sheltered Housing - not self contained,117,0.007371471774193549
2016/17,BUILDING_TYPE,Shopping Centre,105,0.006615423387096774
2016/17,BUILDING_TYPE,Church / Chapel / Cathedral,81,0.005103326612903226
2016/17,BUILDING_TYPE,Young Offenders Unit,73,0.00459929435483871
2016/17,BUILDING_TYPE,Temporary office (eg portacabin),61,0.0038432459677419355
2016/17,BUILDING_TYPE,Other Education Establishment,53,0.0033392137096774194
2016/17,BUILDING_TYPE,Casino / Club / Nightclub,50,0.0031502016129032256
2016/17,BUILDING_TYPE,Bank / Building Society,46,0.0028981854838709678
2016/17,BUILDING_TYPE,Petrol station,39,0.002457157258064516
2016/17,BUILDING_TYPE,Other Religious,10,0.0006300403225806451
2016/17,BUILDING_TYPE,Mosque,5,0.00031502016129032257
2016/17,BUILDING_TYPE,Temple,4,0.00025201612903225806
2016/17,BUILDING_TYPE,Synagogue,2,0.00012600806451612903
2017/18,BUILDING_TYPE,Shed / Garage / Greenhouse / Summer house,2829,0.18110236220472442
2017/18,BUILDING_TYPE,Retail,1551,0.0992894180910313
2017/18,BUILDING_TYPE,Prison,1095,0.07009794507393893
2017/18,BUILDING_TYPE,Other,715,0.04577171755969528
2017/18,BUILDING_TYPE,Restaurant / Cafe,613,0.03924204596376672
2017/18,BUILDING_TYPE,Pub / Wine bar / Bar,606,0.03879393124639908
2017/18,BUILDING_TYPE,Industrial Manufacturing (not including Factory),598,0.038281800140836056
2017/18,BUILDING_TYPE,Permanent Agricultural,555,0.0355290954484348
2017/18,BUILDING_TYPE,Offices and call centres,496,0.0317521285449075
2017/18,BUILDING_TYPE,Residential (not a dwelling),493,0.03156007938032136
2017/18,BUILDING_TYPE,Hospital,424,0.027142948594840278
2017/18,BUILDING_TYPE,Takeaway / Fast food,423,0.027078932206644903
2017/18,BUILDING_TYPE,Nursing / Care Home,369,0.023622047244094488
2017/18,BUILDING_TYPE,Factory,368,0.02355803085589911
2017/18,BUILDING_TYPE,Retirement Care Home,355,0.022725817809359197
2017/18,BUILDING_TYPE,Pre School / Nursery / Infant / Primary School,346,0.022149670315600795
2017/18,BUILDING_TYPE,Entertainment and Culture,323,0.0206772933871071
2017/18,BUILDING_TYPE,Hotel / Motel,307,0.01965303117598105
2017/18,BUILDING_TYPE,Warehouses and bulk storage,302,0.01933294923500416
2017/18,BUILDING_TYPE,Sporting venues,265,0.016964342871775173
2017/18,BUILDING_TYPE,Public Utilities,207,0.013251392356443249
2017/18,BUILDING_TYPE,Vehicle Repair,202,0.012931310415466359
2017/18,BUILDING_TYPE,Student Hall of Residence,194,0.012419179309903335
2017/18,BUILDING_TYPE,Other Residential Home,189,0.012099097368926445
2017/18,BUILDING_TYPE,Industrial Processing (not including Recycling Centre),170,0.010882785993214263
2017/18,BUILDING_TYPE,Secondary School,170,0.010882785993214263
2017/18,BUILDING_TYPE,Hostel,168,0.010754753216823508
2017/18,BUILDING_TYPE,Medical care (not including Hospital),154,0.009858523782088215
2017/18,BUILDING_TYPE,Transport buildings,150,0.009602458229306703
2017/18,BUILDING_TYPE,Recycling Centre,146,0.00934639267652519
2017/18,BUILDING_TYPE,Sheltered Housing - not self contained,124,0.007938032136226875
2017/18,BUILDING_TYPE,College / University,123,0.007874015748031496
2017/18,BUILDING_TYPE,"Public admin, security and safety",114,0.007297868254273094
2017/18,BUILDING_TYPE,Church / Chapel / Cathedral,96,0.0061455732667562895
2017/18,BUILDING_TYPE,Shopping Centre,85,0.005441392996607132
2017/18,BUILDING_TYPE,Temporary office (eg portacabin),57,0.003648934127136547
2017/18,BUILDING_TYPE,Casino / Club / Nightclub,56,0.003584917738941169
2017/18,BUILDING_TYPE,Bank / Building Society,43,0.0027527046924012547
2017/18,BUILDING_TYPE,Other Education Establishment,43,0.0027527046924012547
2017/18,BUILDING_TYPE,Young Offenders Unit,37,0.0023686063632289865
2017/18,BUILDING_TYPE,Petrol station,33,0.0021125408104474747
2017/18,BUILDING_TYPE,Other Religious,12,0.0007681966583445362
2017/18,BUILDING_TYPE,Mosque,8,0.0005121311055630241
2017/18,BUILDING_TYPE,Synagogue,4,0.00025606555278151206
2017/18,BUILDING_TYPE,Temple,3,0.00019204916458613405
2018/19,BUILDING_TYPE,Shed / Garage / Greenhouse / Summer house,3162,0.21030927835051547
2018/19,BUILDING_TYPE,Retail,1432,0.09524442966411706
2018/19,BUILDING_TYPE,Prison,830,0.05520452278017958
2018/19,BUILDING_TYPE,Other,610,0.040571998669770536
2018/19,BUILDING_TYPE,Industrial Manufacturing (not including Factory),599,0.03984037246425008
2018/19,BUILDING_TYPE,Restaurant / Cafe,599,0.03984037246425008
2018/19,BUILDING_TYPE,Permanent Agricultural,543,0.03611572996341869
2018/19,BUILDING_TYPE,Pub / Wine bar / Bar,526,0.03498503491852344
2018/19,BUILDING_TYPE,Offices and call centres,511,0.033987362820086464
2018/19,BUILDING_TYPE,Residential (not a dwelling),497,0.03305620219487862
2018/19,BUILDING_TYPE,Hospital,462,0.030728300631858996
2018/19,BUILDING_TYPE,Factory,404,0.02687063518456934
2018/19,BUILDING_TYPE,Takeaway / Fast food,385,0.02560691719321583
2018/19,BUILDING_TYPE,Retirement Care Home,321,0.02135018290655138
2018/19,BUILDING_TYPE,Nursing / Care Home,320,0.021283671433322247
2018/19,BUILDING_TYPE,Hotel / Motel,300,0.019953441968739608
2018/19,BUILDING_TYPE,Warehouses and bulk storage,286,0.01902228134353176
2018/19,BUILDING_TYPE,Entertainment and Culture,281,0.018689723977386098
2018/19,BUILDING_TYPE,Pre School / Nursery / Infant / Primary School,249,0.016561356834053874
2018/19,BUILDING_TYPE,Vehicle Repair,244,0.016228799467908214
2018/19,BUILDING_TYPE,Sporting venues,223,0.014832058530096441
2018/19,BUILDING_TYPE,Public Utilities,195,0.012969737279680744
2018/19,BUILDING_TYPE,Recycling Centre,181,0.012038576654472897
2018/19,BUILDING_TYPE,Medical care (not including Hospital),176,0.011706019288327237
2018/19,BUILDING_TYPE,Secondary School,174,0.011572996341868973
2018/19,BUILDING_TYPE,Student Hall of Residence,174,0.011572996341868973
2018/19,BUILDING_TYPE,Industrial Processing (not including Recycling Centre),172,0.011439973395410708
2018/19,BUILDING_TYPE,Other Residential Home,171,0.011373461922181576
2018/19,BUILDING_TYPE,Hostel,152,0.010109743930828068
2018/19,BUILDING_TYPE,Sheltered Housing - not self contained,120,0.007981376787495843
2018/19,BUILDING_TYPE,"Public admin, security and safety",110,0.007316262055204523
2018/19,BUILDING_TYPE,College / University,109,0.007249750581975391
2018/19,BUILDING_TYPE,Transport buildings,106,0.0070502161622879944
2018/19,BUILDING_TYPE,Church / Chapel / Cathedral,85,0.005653475224476222
2018/19,BUILDING_TYPE,Shopping Centre,66,0.004389757233122714
2018/19,BUILDING_TYPE,Temporary office (eg portacabin),53,0.0035251080811439972
2018/19,BUILDING_TYPE,Other Education Establishment,50,0.0033255736614566014
2018/19,BUILDING_TYPE,Bank / Building Society,37,0.002460924509477885
2018/19,BUILDING_TYPE,Casino / Club / Nightclub,33,0.002194878616561357
2018/19,BUILDING_TYPE,Petrol station,32,0.002128367143332225
2018/19,BUILDING_TYPE,Young Offenders Unit,31,0.002061855670103093
2018/19,BUILDING_TYPE,Other Religious,9,0.0005986032590621882
2018/19,BUILDING_TYPE,Mosque,5,0.0003325573661456601
2018/19,BUILDING_TYPE,Synagogue,5,0.0003325573661456601
2018/19,BUILDING_TYPE,Temple,5,0.0003325573661456601
2019/20,BUILDING_TYPE,Shed / Garage / Greenhouse / Summer house,2696,0.18811052190901478
2019/20,BUILDING_TYPE,Retail,1325,0.09245046050795423
2019/20,BUILDING_TYPE,Prison,1079,0.07528607312308122
2019/20,BUILDING_TYPE,Other,636,0.04437622104381803
2019/20,BUILDING_TYPE,Industrial Manufacturing (not including Factory),554,0.03865475858219369
2019/20,BUILDING_TYPE,Permanent Agricultural,533,0.03718950600055819
2019/20,BUILDING_TYPE,Restaurant / Cafe,529,0.03691041027072286
2019/20,BUILDING_TYPE,Pub / Wine bar / Bar,525,0.03663131454088753
2019/20,BUILDING_TYPE,Hospital,487,0.03397990510745186
2019/20,BUILDING_TYPE,Residential (not a dwelling),448,0.03125872174155735
2019/20,BUILDING_TYPE,Offices and call centres,423,0.02951437343008652
2019/20,BUILDING_TYPE,Takeaway / Fast food,368,0.025676807144850683
2019/20,BUILDING_TYPE,Factory,355,0.024769746022885848
2019/20,BUILDING_TYPE,Nursing / Care Home,320,0.022327658386826682
2019/20,BUILDING_TYPE,Hotel / Motel,296,0.02065308400781468
2019/20,BUILDING_TYPE,Retirement Care Home,290,0.02023444041306168
2019/20,BUILDING_TYPE,Entertainment and Culture,284,0.01981579681830868
2019/20,BUILDING_TYPE,Warehouses and bulk storage,283,0.019746022885849847
2019/20,BUILDING_TYPE,Sporting venues,262,0.018280770304214346
2019/20,BUILDING_TYPE,Pre School / Nursery / Infant / Primary School,247,0.017234161317331846
2019/20,BUILDING_TYPE,Vehicle Repair,218,0.015210717276025677
2019/20,BUILDING_TYPE,Public Utilities,194,0.013536142897013676
2019/20,BUILDING_TYPE,Other Residential Home,168,0.011722020653084008
2019/20,BUILDING_TYPE,Medical care (not including Hospital),166,0.011582472788166341
2019/20,BUILDING_TYPE,Industrial Processing (not including Recycling Centre),164,0.011442924923248674
2019/20,BUILDING_TYPE,Student Hall of Residence,164,0.011442924923248674
2019/20,BUILDING_TYPE,Recycling Centre,150,0.010466089868825006
2019/20,BUILDING_TYPE,Secondary School,150,0.010466089868825006
2019/20,BUILDING_TYPE,Transport buildings,127,0.008861289422271839
2019/20,BUILDING_TYPE,Sheltered Housing - not self contained,125,0.008721741557354173
2019/20,BUILDING_TYPE,Hostel,112,0.007814680435389338
2019/20,BUILDING_TYPE,Church / Chapel / Cathedral,95,0.006628523583589171
2019/20,BUILDING_TYPE,"Public admin, security and safety",94,0.006558749651130338
2019/20,BUILDING_TYPE,College / University,85,0.005930784259000837
2019/20,BUILDING_TYPE,Shopping Centre,74,0.00516327100195367
2019/20,BUILDING_TYPE,Young Offenders Unit,67,0.004674853474741837
2019/20,BUILDING_TYPE,Temporary office (eg portacabin),52,0.003628244487859336
2019/20,BUILDING_TYPE,Casino / Club / Nightclub,45,0.003139826960647502
2019/20,BUILDING_TYPE,Other Education Establishment,44,0.0030700530281886685
2019/20,BUILDING_TYPE,Bank / Building Society,43,0.0030002790957298353
2019/20,BUILDING_TYPE,Petrol station,35,0.0024420876360591683
2019/20,BUILDING_TYPE,Other Religious,8,0.0005581914596706671
2019/20,BUILDING_TYPE,Mosque,7,0.0004884175272118336
2019/20,BUILDING_TYPE,Synagogue,4,0.00027909572983533354
2019/20,BUILDING_TYPE,Temple,1,6.977393245883338e-05
2020/21,BUILDING_TYPE,Shed / Garage / Greenhouse / Summer house,3196,0.2680308621268031
2020/21,BUILDING_TYPE,Retail,990,0.08302583025830258
2020/21,BUILDING_TYPE,Prison,651,0.054595773230459575
2020/21,BUILDING_TYPE,Permanent Agricultural,539,0.045202952029520294
2020/21,BUILDING_TYPE,Other,503,0.04218383092921838
2020/21,BUILDING_TYPE,Industrial Manufacturing (not including Factory),473,0.03966789667896679
2020/21,BUILDING_TYPE,Residential (not a dwelling),452,0.03790674270379067
2020/21,BUILDING_TYPE,Hospital,381,0.03195236497819524
2020/21,BUILDING_TYPE,Takeaway / Fast food,310,0.0259979872525998
2020/21,BUILDING_TYPE,Restaurant / Cafe,305,0.025578664877557868
2020/21,BUILDING_TYPE,Offices and call centres,298,0.02499161355249916
2020/21,BUILDING_TYPE,Factory,297,0.024907749077490774
2020/21,BUILDING_TYPE,Nursing / Care Home,290,0.02432069775243207
2020/21,BUILDING_TYPE,Pub / Wine bar / Bar,274,0.022978866152297887
2020/21,BUILDING_TYPE,Warehouses and bulk storage,255,0.021385441127138544
2020/21,BUILDING_TYPE,Retirement Care Home,211,0.017695404226769542
2020/21,BUILDING_TYPE,Public Utilities,193,0.016185843676618586
2020/21,BUILDING_TYPE,Vehicle Repair,188,0.01576652130157665
2020/21,BUILDING_TYPE,Pre School / Nursery / Infant / Primary School,179,0.015011741026501175
2020/21,BUILDING_TYPE,Hotel / Motel,174,0.014592418651459242
2020/21,BUILDING_TYPE,Industrial Processing (not including Recycling Centre),163,0.013669909426366991
2020/21,BUILDING_TYPE,Entertainment and Culture,156,0.013082858101308286
2020/21,BUILDING_TYPE,Sporting venues,143,0.011992619926199263
2020/21,BUILDING_TYPE,Recycling Centre,141,0.011824890976182488
2020/21,BUILDING_TYPE,Other Residential Home,135,0.01132170412613217
2020/21,BUILDING_TYPE,Student Hall of Residence,129,0.010818517276081852
2020/21,BUILDING_TYPE,Hostel,122,0.010231465951023146
2020/21,BUILDING_TYPE,Medical care (not including Hospital),121,0.01014760147601476
2020/21,BUILDING_TYPE,Sheltered Housing - not self contained,101,0.008470311975847031
2020/21,BUILDING_TYPE,Transport buildings,96,0.008050989600805098
2020/21,BUILDING_TYPE,"Public admin, security and safety",79,0.006625293525662529
2020/21,BUILDING_TYPE,Secondary School,72,0.0060382422006038244
2020/21,BUILDING_TYPE,College / University,64,0.005367326400536733
2020/21,BUILDING_TYPE,Church / Chapel / Cathedral,50,0.004193223750419322
2020/21,BUILDING_TYPE,Shopping Centre,41,0.0034384434753438444
2020/21,BUILDING_TYPE,Temporary office (eg portacabin),36,0.0030191211003019122
2020/21,BUILDING_TYPE,Petrol station,23,0.0019288829251928883
2020/21,BUILDING_TYPE,Bank / Building Society,22,0.0018450184501845018
2020/21,BUILDING_TYPE,Young Offenders Unit,19,0.0015934250251593426
2020/21,BUILDING_TYPE,Other Education Establishment,18,0.0015095605501509561
2020/21,BUILDING_TYPE,Casino / Club / Nightclub,17,0.0014256960751425696
2020/21,BUILDING_TYPE,Other Religious,8,0.0006709158000670916
2020/21,BUILDING_TYPE,Mosque,4,0.0003354579000335458
2020/21,BUILDING_TYPE,Synagogue,4,0.0003354579000335458
2020/21,BUILDING_TYPE,Temple,1,8.386447500838645e-05
2021/22,BUILDING_TYPE,Shed / Garage / Greenhouse / Summer house,2550,0.1968503937007874
2021/22,BUILDING_TYPE,Retail,1171,0.09039678863671453
2021/22,BUILDING_TYPE,Prison,840,0.06484483557202408
2021/22,BUILDING_TYPE,Other,622,0.04801605681642736
2021/22,BUILDING_TYPE,Permanent Agricultural,532,0.04106839586228192
2021/22,BUILDING_TYPE,Restaurant / Cafe,517,0.03991045236992435
2021/22,BUILDING_TYPE,Industrial Manufacturing (not including Factory),510,0.03937007874015748
2021/22,BUILDING_TYPE,Pub / Wine bar / Bar,494,0.03813493901497607
2021/22,BUILDING_TYPE,Residential (not a dwelling),468,0.036127836961556276
2021/22,BUILDING_TYPE,Takeaway / Fast food,395,0.030492511965416087
2021/22,BUILDING_TYPE,Hospital,380,0.029334568473058514
2021/22,BUILDING_TYPE,Warehouses and bulk storage,321,0.02477999073645206
2021/22,BUILDING_TYPE,Offices and call centres,308,0.023776439709742164
2021/22,BUILDING_TYPE,Nursing / Care Home,290,0.022386907518913077
2021/22,BUILDING_TYPE,Factory,284,0.021923730121970048
2021/22,BUILDING_TYPE,Hotel / Motel,260,0.02007102053419793
2021/22,BUILDING_TYPE,Retirement Care Home,218,0.016828778755596727
2021/22,BUILDING_TYPE,Entertainment and Culture,213,0.016442797591477536
2021/22,BUILDING_TYPE,Pre School / Nursery / Infant / Primary School,213,0.016442797591477536
2021/22,BUILDING_TYPE,Vehicle Repair,206,0.01590242396171067
2021/22,BUILDING_TYPE,Sporting venues,200,0.015439246564767639
2021/22,BUILDING_TYPE,Student Hall of Residence,188,0.01451289177088158
2021/22,BUILDING_TYPE,Public Utilities,171,0.013200555812876331
2021/22,BUILDING_TYPE,Recycling Centre,167,0.012891770881580979
2021/22,BUILDING_TYPE,Medical care (not including Hospital),149,0.011502238690751891
2021/22,BUILDING_TYPE,Industrial Processing (not including Recycling Centre),140,0.010807472595337347
2021/22,BUILDING_TYPE,Other Residential Home,138,0.010653080129689671
2021/22,BUILDING_TYPE,Hostel,136,0.010498687664041995
2021/22,BUILDING_TYPE,Secondary School,125,0.009649529102979774
2021/22,BUILDING_TYPE,Transport buildings,111,0.00856878184344604
2021/22,BUILDING_TYPE,Sheltered Housing - not self contained,107,0.008259996912150687
2021/22,BUILDING_TYPE,"Public admin, security and safety",90,0.006947660954145438
2021/22,BUILDING_TYPE,College / University,76,0.005866913694611703
2021/22,BUILDING_TYPE,Church / Chapel / Cathedral,72,0.00555812876331635
2021/22,BUILDING_TYPE,Shopping Centre,72,0.00555812876331635
2021/22,BUILDING_TYPE,Temporary office (eg portacabin),54,0.0041685965724872626
2021/22,BUILDING_TYPE,Other Education Establishment,35,0.002701868148834337
2021/22,BUILDING_TYPE,Petrol station,33,0.0025474756831866605
2021/22,BUILDING_TYPE,Casino / Club / Nightclub,30,0.002315886984715146
2021/22,BUILDING_TYPE,Bank / Building Society,29,0.0022386907518913077
2021/22,BUILDING_TYPE,Other Religious,14,0.0010807472595337347
2021/22,BUILDING_TYPE,Young Offenders Unit,11,0.0008491585610622202
2021/22,BUILDING_TYPE,Mosque,6,0.0004631773969430292
2021/22,BUILDING_TYPE,Temple,5,0.000385981164119191
2021/22,BUILDING_TYPE,Synagogue,3,0.0002315886984715146
2022/23,BUILDING_TYPE,Shed / Garage / Greenhouse / Summer house,2846,0.20960377080571513
2022/23,BUILDING_TYPE,Retail,1232,0.09073501252025334
2022/23,BUILDING_TYPE,Prison,1017,0.07490057445868316
2022/23,BUILDING_TYPE,Other,635,0.04676682869347474
2022/23,BUILDING_TYPE,Pub / Wine bar / Bar,502,0.0369715716600383
2022/23,BUILDING_TYPE,Restaurant / Cafe,500,0.03682427456179113
2022/23,BUILDING_TYPE,Permanent Agricultural,487,0.035866843423184566
2022/23,BUILDING_TYPE,Industrial Manufacturing (not including Factory),485,0.0357195463249374
2022/23,BUILDING_TYPE,Residential (not a dwelling),451,0.033215495654735604
2022/23,BUILDING_TYPE,Hospital,412,0.030343202238915894
2022/23,BUILDING_TYPE,Takeaway / Fast food,359,0.026439829135366032
2022/23,BUILDING_TYPE,Offices and call centres,313,0.02305199587568125
2022/23,BUILDING_TYPE,Nursing / Care Home,309,0.02275740167918692
2022/23,BUILDING_TYPE,Warehouses and bulk storage,299,0.022020916187951097
2022/23,BUILDING_TYPE,Hotel / Motel,291,0.02143172779496244
2022/23,BUILDING_TYPE,Factory,278,0.02047429665635587
2022/23,BUILDING_TYPE,Entertainment and Culture,266,0.019590514066872882
2022/23,BUILDING_TYPE,Pre School / Nursery / Infant / Primary School,241,0.017749300338783327
2022/23,BUILDING_TYPE,Sporting venues,221,0.01627632935631168
2022/23,BUILDING_TYPE,Public Utilities,201,0.014803358373840036
2022/23,BUILDING_TYPE,Retirement Care Home,190,0.01399322433348063
2022/23,BUILDING_TYPE,Student Hall of Residence,190,0.01399322433348063
2022/23,BUILDING_TYPE,Vehicle Repair,182,0.013404035940491972
2022/23,BUILDING_TYPE,Recycling Centre,168,0.012372956252761821
2022/23,BUILDING_TYPE,Transport buildings,142,0.010458093975548682
2022/23,BUILDING_TYPE,Secondary School,139,0.010237148328177934
2022/23,BUILDING_TYPE,Medical care (not including Hospital),133,0.009795257033436441
2022/23,BUILDING_TYPE,Industrial Processing (not including Recycling Centre),132,0.009721608484312859
2022/23,BUILDING_TYPE,Hostel,131,0.009647959935189276
2022/23,BUILDING_TYPE,Other Residential Home,131,0.009647959935189276
2022/23,BUILDING_TYPE,"Public admin, security and safety",123,0.009058771542200618
2022/23,BUILDING_TYPE,Sheltered Housing - not self contained,110,0.008101340403594049
2022/23,BUILDING_TYPE,College / University,104,0.007659449108852556
2022/23,BUILDING_TYPE,Church / Chapel / Cathedral,94,0.006922963617616733
2022/23,BUILDING_TYPE,Shopping Centre,54,0.003977021652673442
2022/23,BUILDING_TYPE,Temporary office (eg portacabin),54,0.003977021652673442
2022/23,BUILDING_TYPE,Other Education Establishment,39,0.0028722934158197082
2022/23,BUILDING_TYPE,Casino / Club / Nightclub,32,0.0023567535719546326
2022/23,BUILDING_TYPE,Petrol station,22,0.00162026808071881
2022/23,BUILDING_TYPE,Bank / Building Society,21,0.0015466195315952276
2022/23,BUILDING_TYPE,Young Offenders Unit,21,0.0015466195315952276
2022/23,BUILDING_TYPE,Other Religious,10,0.0007364854912358227
2022/23,BUILDING_TYPE,Mosque,6,0.0004418912947414936
2022/23,BUILDING_TYPE,Temple,3,0.0002209456473707468
2022/23,BUILDING_TYPE,Synagogue,2,0.00014729709824716454
2023/24,BUILDING_TYPE,Shed / Garage / Greenhouse / Summer house,2228,0.1675187969924812
2023/24,BUILDING_TYPE,Prison,1855,0.1394736842105263
2023/24,BUILDING_TYPE,Retail,1076,0.08090225563909774
2023/24,BUILDING_TYPE,Other,702,0.05278195488721805
2023/24,BUILDING_TYPE,Restaurant / Cafe,498,0.03744360902255639
2023/24,BUILDING_TYPE,Industrial Manufacturing (not including Factory),490,0.03684210526315789
2023/24,BUILDING_TYPE,Permanent Agricultural,476,0.035789473684210524
2023/24,BUILDING_TYPE,Pub / Wine bar / Bar,468,0.03518796992481203
2023/24,BUILDING_TYPE,Residential (not a dwelling),381,0.028646616541353382
2023/24,BUILDING_TYPE,Hospital,368,0.027669172932330826
2023/24,BUILDING_TYPE,Takeaway / Fast food,364,0.02736842105263158
2023/24,BUILDING_TYPE,Offices and call centres,347,0.026090225563909775
2023/24,BUILDING_TYPE,Hotel / Motel,306,0.02300751879699248
2023/24,BUILDING_TYPE,Warehouses and bulk storage,274,0.020601503759398496
2023/24,BUILDING_TYPE,Nursing / Care Home,269,0.020225563909774435
2023/24,BUILDING_TYPE,Factory,262,0.01969924812030075
2023/24,BUILDING_TYPE,Entertainment and Culture,224,0.016842105263157894
2023/24,BUILDING_TYPE,Pre School / Nursery / Infant / Primary School,218,0.016390977443609022
2023/24,BUILDING_TYPE,Retirement Care Home,216,0.0162406015037594
2023/24,BUILDING_TYPE,Public Utilities,210,0.015789473684210527
2023/24,BUILDING_TYPE,Sporting venues,201,0.015112781954887218
2023/24,BUILDING_TYPE,Recycling Centre,168,0.01263157894736842
2023/24,BUILDING_TYPE,Vehicle Repair,159,0.011954887218045112
2023/24,BUILDING_TYPE,Student Hall of Residence,145,0.010902255639097745
2023/24,BUILDING_TYPE,Other Residential Home,143,0.01075187969924812
2023/24,BUILDING_TYPE,Medical care (not including Hospital),132,0.009924812030075189
2023/24,BUILDING_TYPE,Hostel,125,0.009398496240601503
2023/24,BUILDING_TYPE,Transport buildings,125,0.009398496240601503
2023/24,BUILDING_TYPE,Secondary School,123,0.00924812030075188
2023/24,BUILDING_TYPE,Industrial Processing (not including Recycling Centre),118,0.00887218045112782
2023/24,BUILDING_TYPE,"Public admin, security and safety",106,0.007969924812030075
2023/24,BUILDING_TYPE,Sheltered Housing - not self contained,92,0.0069172932330827065
2023/24,BUILDING_TYPE,College / University,79,0.00593984962406015
2023/24,BUILDING_TYPE,Church / Chapel / Cathedral,77,0.005789473684210527
2023/24,BUILDING_TYPE,Shopping Centre,51,0.0038345864661654136
2023/24,BUILDING_TYPE,Temporary office (eg portacabin),40,0.0030075187969924814
2023/24,BUILDING_TYPE,Petrol station,38,0.002857142857142857
2023/24,BUILDING_TYPE,Young Offenders Unit,37,0.0027819548872180452
2023/24,BUILDING_TYPE,Bank / Building Society,31,0.002330827067669173
2023/24,BUILDING_TYPE,Other Education Establishment,30,0.002255639097744361
2023/24,BUILDING_TYPE,Casino / Club / Nightclub,29,0.0021804511278195487
2023/24,BUILDING_TYPE,Other Religious,12,0.0009022556390977444
2023/24,BUILDING_TYPE,Mosque,4,0.0003007518796992481
2023/24,BUILDING_TYPE,Temple,3,0.0002255639097744361
2024/25,BUILDING_TYPE,Shed / Garage / Greenhouse / Summer house,2288,0.1734253012961419
2024/25,BUILDING_TYPE,Prison,2160,0.16372318653831577
2024/25,BUILDING_TYPE,Retail,1081,0.0819373910407034
2024/25,BUILDING_TYPE,Other,629,0.04767679830212992
2024/25,BUILDING_TYPE,Restaurant / Cafe,501,0.0379746835443038
2024/25,BUILDING_TYPE,Pub / Wine bar / Bar,456,0.03456378382475555
2024/25,BUILDING_TYPE,Industrial Manufacturing (not including Factory),431,0.03266883953611764
2024/25,BUILDING_TYPE,Permanent Agricultural,416,0.03153187296293489
2024/25,BUILDING_TYPE,Residential (not a dwelling),358,0.02713560221329493
2024/25,BUILDING_TYPE,Takeaway / Fast food,328,0.024861669066929434
2024/25,BUILDING_TYPE,Hospital,310,0.023497309179110134
2024/25,BUILDING_TYPE,Offices and call centres,304,0.023042522549837036
2024/25,BUILDING_TYPE,Warehouses and bulk storage,287,0.021753960433563254
2024/25,BUILDING_TYPE,Nursing / Care Home,286,0.021678162662017737
2024/25,BUILDING_TYPE,Hotel / Motel,266,0.020162207231107405
2024/25,BUILDING_TYPE,Entertainment and Culture,253,0.01917683620101569
2024/25,BUILDING_TYPE,Factory,253,0.01917683620101569
2024/25,BUILDING_TYPE,Retirement Care Home,211,0.015993329796103996
2024/25,BUILDING_TYPE,Pre School / Nursery / Infant / Primary School,209,0.01584173425301296
2024/25,BUILDING_TYPE,Vehicle Repair,194,0.014704767679830213
2024/25,BUILDING_TYPE,Sporting venues,192,0.01455317213673918
2024/25,BUILDING_TYPE,Public Utilities,173,0.013113014477374365
2024/25,BUILDING_TYPE,Recycling Centre,172,0.01303721670582885
2024/25,BUILDING_TYPE,Other Residential Home,143,0.010839081331008868
2024/25,BUILDING_TYPE,Transport buildings,133,0.010081103615553703
2024/25,BUILDING_TYPE,Student Hall of Residence,129,0.009777912529371637
2024/25,BUILDING_TYPE,Industrial Processing (not including Recycling Centre),124,0.009398923671644053
2024/25,BUILDING_TYPE,Medical care (not including Hospital),123,0.009323125900098537
2024/25,BUILDING_TYPE,Secondary School,106,0.008034563783824755
2024/25,BUILDING_TYPE,Hostel,102,0.0077313726976426895
2024/25,BUILDING_TYPE,"Public admin, security and safety",89,0.006746001667550974
2024/25,BUILDING_TYPE,College / University,71,0.005381641779731676
2024/25,BUILDING_TYPE,Sheltered Housing - not self contained,71,0.005381641779731676
2024/25,BUILDING_TYPE,Church / Chapel / Cathedral,62,0.0046994618358220264
2024/25,BUILDING_TYPE,Shopping Centre,48,0.003638293034184795
2024/25,BUILDING_TYPE,Temporary office (eg portacabin),46,0.003486697491093762
2024/25,BUILDING_TYPE,Casino / Club / Nightclub,45,0.0034108997195482454
2024/25,BUILDING_TYPE,Petrol station,34,0.002577124232547563
2024/25,BUILDING_TYPE,Other Education Establishment,31,0.0023497309179110132
2024/25,BUILDING_TYPE,Young Offenders Unit,27,0.002046539831728947
2024/25,BUILDING_TYPE,Bank / Building Society,19,0.0014401576593648148
2024/25,BUILDING_TYPE,Other Religious,14,0.0010611688016372318
2024/25,BUILDING_TYPE,Mosque,12,0.0009095732585461988
2024/25,BUILDING_TYPE,Synagogue,4,0.0003031910861820662
2024/25,BUILDING_TYPE,Temple,2,0.0001515955430910331
2025/26,BUILDING_TYPE,Shed / Garage / Greenhouse / Summer house,2870,0.20981065867387966
2025/26,BUILDING_TYPE,Prison,1771,0.1294685284011989
2025/26,BUILDING_TYPE,Retail,1113,0.08136559690035822
2025/26,BUILDING_TYPE,Other,686,0.05014986475619563
2025/26,BUILDING_TYPE,Restaurant / Cafe,496,0.03625996052343008
2025/26,BUILDING_TYPE,Industrial Manufacturing (not including Factory),491,0.035894436727830985
2025/26,BUILDING_TYPE,Pub / Wine bar / Bar,455,0.033262665399517506
2025/26,BUILDING_TYPE,Permanent Agricultural,397,0.029022589370568026
2025/26,BUILDING_TYPE,Residential (not a dwelling),397,0.029022589370568026
2025/26,BUILDING_TYPE,Hospital,331,0.02419767526865999
2025/26,BUILDING_TYPE,Takeaway / Fast food,324,0.02368594195482126
2025/26,BUILDING_TYPE,Offices and call centres,303,0.022150742013305066
2025/26,BUILDING_TYPE,Warehouses and bulk storage,296,0.021639008699466337
2025/26,BUILDING_TYPE,Nursing / Care Home,283,0.02068864683090869
2025/26,BUILDING_TYPE,Hotel / Motel,276,0.02017691351706996
2025/26,BUILDING_TYPE,Entertainment and Culture,247,0.01805687550259522
2025/26,BUILDING_TYPE,Factory,232,0.01696030411579794
2025/26,BUILDING_TYPE,Pre School / Nursery / Infant / Primary School,231,0.01688719935667812
2025/26,BUILDING_TYPE,Vehicle Repair,214,0.0156444184516412
2025/26,BUILDING_TYPE,Retirement Care Home,203,0.014840266101323196
2025/26,BUILDING_TYPE,Public Utilities,201,0.01469405658308356
2025/26,BUILDING_TYPE,Recycling Centre,189,0.013816799473645735
2025/26,BUILDING_TYPE,Sporting venues,188,0.013743694714525915
2025/26,BUILDING_TYPE,Other Residential Home,158,0.011550551940931355
2025/26,BUILDING_TYPE,Medical care (not including Hospital),144,0.010527085313253894
2025/26,BUILDING_TYPE,Student Hall of Residence,139,0.010161561517654799
2025/26,BUILDING_TYPE,Industrial Processing (not including Recycling Centre),135,0.009869142481175524
2025/26,BUILDING_TYPE,Transport buildings,134,0.009796037722055706
2025/26,BUILDING_TYPE,Secondary School,109,0.007968418744060238
2025/26,BUILDING_TYPE,Hostel,102,0.007456685430221507
2025/26,BUILDING_TYPE,"Public admin, security and safety",89,0.006506323561663864
2025/26,BUILDING_TYPE,Sheltered Housing - not self contained,89,0.006506323561663864
2025/26,BUILDING_TYPE,College / University,82,0.005994590247825134
2025/26,BUILDING_TYPE,Church / Chapel / Cathedral,80,0.005848380729585496
2025/26,BUILDING_TYPE,Shopping Centre,41,0.002997295123912567
2025/26,BUILDING_TYPE,Casino / Club / Nightclub,37,0.002704876087433292
2025/26,BUILDING_TYPE,Temporary office (eg portacabin),36,0.0026317713283134734
2025/26,BUILDING_TYPE,Other Education Establishment,23,0.00168140945975583
2025/26,BUILDING_TYPE,Young Offenders Unit,22,0.0016083047006360113
2025/26,BUILDING_TYPE,Bank / Building Society,21,0.0015351999415161926
2025/26,BUILDING_TYPE,Petrol station,20,0.001462095182396374
2025/26,BUILDING_TYPE,Other Religious,11,0.0008041523503180057
2025/26,BUILDING_TYPE,Mosque,6,0.0004386285547189122
2025/26,BUILDING_TYPE,Temple,4,0.0002924190364792748
2025/26,BUILDING_TYPE,Synagogue,3,0.0002193142773594561
2010/11,CAUSE_OF_FIRE,Deliberate,5944,0.28637502408941995
2010/11,CAUSE_OF_FIRE,Other accidental,4014,0.1933898631720948
2010/11,CAUSE_OF_FIRE,Faulty appliances and leads,3739,0.18014068221237234
2010/11,CAUSE_OF_FIRE,Misuse of equipment or appliances,2207,0.10633069955675467
2010/11,CAUSE_OF_FIRE,Faulty fuel supplies,1741,0.08387936018500675
2010/11,CAUSE_OF_FIRE,Careless handling of fire or hot substances,1241,0.05978994025823858
2010/11,CAUSE_OF_FIRE,Placing articles too close to heat,1227,0.059115436500289074
2010/11,CAUSE_OF_FIRE,Chip/ fat pan fires,447,0.02153594141453074
2010/11,CAUSE_OF_FIRE,Unspecified cause,111,0.005347851223742532
2010/11,CAUSE_OF_FIRE,Playing with fire,85,0.004095201387550588
2011/12,CAUSE_OF_FIRE,Deliberate,6004,0.29542882448457414
2011/12,CAUSE_OF_FIRE,Other accidental,4062,0.1998720661319687
2011/12,CAUSE_OF_FIRE,Faulty appliances and leads,3386,0.16660926044383212
2011/12,CAUSE_OF_FIRE,Misuse of equipment or appliances,2019,0.09934556905968607
2011/12,CAUSE_OF_FIRE,Faulty fuel supplies,1702,0.08374747822663976
2011/12,CAUSE_OF_FIRE,Placing articles too close to heat,1289,0.0634256753432072
2011/12,CAUSE_OF_FIRE,Careless handling of fire or hot substances,1283,0.06313044334005806
2011/12,CAUSE_OF_FIRE,Chip/ fat pan fires,392,0.01928849087241057
2011/12,CAUSE_OF_FIRE,Unspecified cause,95,0.004674506716528071
2011/12,CAUSE_OF_FIRE,Playing with fire,91,0.004477685381095311
2012/13,CAUSE_OF_FIRE,Deliberate,4225,0.2559055118110236
2012/13,CAUSE_OF_FIRE,Faulty appliances and leads,3317,0.200908540278619
2012/13,CAUSE_OF_FIRE,Other accidental,3139,0.19012719563900665
2012/13,CAUSE_OF_FIRE,Misuse of equipment or appliances,1803,0.10920654149000605
2012/13,CAUSE_OF_FIRE,Faulty fuel supplies,1637,0.09915202907328892
2012/13,CAUSE_OF_FIRE,Placing articles too close to heat,1033,0.06256814052089643
2012/13,CAUSE_OF_FIRE,Careless handling of fire or hot substances,887,0.053725015142337976
2012/13,CAUSE_OF_FIRE,Chip/ fat pan fires,401,0.024288310115081767
2012/13,CAUSE_OF_FIRE,Playing with fire,53,0.003210175651120533
2012/13,CAUSE_OF_FIRE,Unspecified cause,15,0.0009085402786190188
2013/14,CAUSE_OF_FIRE,Deliberate,3977,0.24050556361877118
2013/14,CAUSE_OF_FIRE,Other accidental,3545,0.2143807450411224
2013/14,CAUSE_OF_FIRE,Faulty appliances and leads,3130,0.18928398645379776
2013/14,CAUSE_OF_FIRE,Faulty fuel supplies,1669,0.10093130140299951
2013/14,CAUSE_OF_FIRE,Misuse of equipment or appliances,1635,0.09887518142235123
2013/14,CAUSE_OF_FIRE,Placing articles too close to heat,1131,0.06839622641509434
2013/14,CAUSE_OF_FIRE,Careless handling of fire or hot substances,999,0.06041364296081277
2013/14,CAUSE_OF_FIRE,Chip/ fat pan fires,367,0.022194000967585874
2013/14,CAUSE_OF_FIRE,Playing with fire,74,0.004475084663763909
2013/14,CAUSE_OF_FIRE,Unspecified cause,9,0.0005442670537010159
2014/15,CAUSE_OF_FIRE,Deliberate,3790,0.24347937813182577
2014/15,CAUSE_OF_FIRE,Other accidental,3188,0.2048053449826545
2014/15,CAUSE_OF_FIRE,Faulty appliances and leads,2959,0.19009379416677374
2014/15,CAUSE_OF_FIRE,Faulty fuel supplies,1604,0.10304509829114737
2014/15,CAUSE_OF_FIRE,Misuse of equipment or appliances,1600,0.10278812797121932
2014/15,CAUSE_OF_FIRE,Placing articles too close to heat,1076,0.069125016060645
2014/15,CAUSE_OF_FIRE,Careless handling of fire or hot substances,887,0.05698316844404471
2014/15,CAUSE_OF_FIRE,Chip/ fat pan fires,394,0.02531157651291276
2014/15,CAUSE_OF_FIRE,Playing with fire,55,0.0035333418990106643
2014/15,CAUSE_OF_FIRE,Unspecified cause,13,0.0008351535397661571
2015/16,CAUSE_OF_FIRE,Deliberate,4375,0.2729598203144497
2015/16,CAUSE_OF_FIRE,Other accidental,3313,0.2067007736461193
2015/16,CAUSE_OF_FIRE,Faulty appliances and leads,2657,0.1657723983029698
2015/16,CAUSE_OF_FIRE,Faulty fuel supplies,1671,0.10425505365610183
2015/16,CAUSE_OF_FIRE,Misuse of equipment or appliances,1533,0.09564512103818318
2015/16,CAUSE_OF_FIRE,Placing articles too close to heat,1032,0.0643873221861742
2015/16,CAUSE_OF_FIRE,Careless handling of fire or hot substances,991,0.06182929872722735
2015/16,CAUSE_OF_FIRE,Chip/ fat pan fires,385,0.024020464187671575
2015/16,CAUSE_OF_FIRE,Playing with fire,54,0.003369104067881208
2015/16,CAUSE_OF_FIRE,Unspecified cause,17,0.0010606438732218618
2016/17,CAUSE_OF_FIRE,Deliberate,4530,0.28540826612903225
2016/17,CAUSE_OF_FIRE,Other accidental,3271,0.20608618951612903
2016/17,CAUSE_OF_FIRE,Faulty appliances and leads,2537,0.1598412298387097
2016/17,CAUSE_OF_FIRE,Faulty fuel supplies,1710,0.10773689516129033
2016/17,CAUSE_OF_FIRE,Misuse of equipment or appliances,1404,0.08845766129032258
2016/17,CAUSE_OF_FIRE,Placing articles too close to heat,1041,0.06558719758064516
2016/17,CAUSE_OF_FIRE,Careless handling of fire or hot substances,879,0.05538054435483871
2016/17,CAUSE_OF_FIRE,Chip/ fat pan fires,414,0.02608366935483871
2016/17,CAUSE_OF_FIRE,Playing with fire,75,0.004725302419354839
2016/17,CAUSE_OF_FIRE,Unspecified cause,11,0.0006930443548387097
2017/18,CAUSE_OF_FIRE,Deliberate,4396,0.28141604250688174
2017/18,CAUSE_OF_FIRE,Other accidental,3239,0.2073490813648294
2017/18,CAUSE_OF_FIRE,Faulty appliances and leads,2434,0.1558158888675501
2017/18,CAUSE_OF_FIRE,Faulty fuel supplies,1659,0.10620318801613213
2017/18,CAUSE_OF_FIRE,Misuse of equipment or appliances,1371,0.08776646821586326
2017/18,CAUSE_OF_FIRE,Placing articles too close to heat,1115,0.0713782728378465
2017/18,CAUSE_OF_FIRE,Careless handling of fire or hot substances,910,0.05825491325779399
2017/18,CAUSE_OF_FIRE,Chip/ fat pan fires,429,0.027463030535817168
2017/18,CAUSE_OF_FIRE,Playing with fire,61,0.003904999679918059
2017/18,CAUSE_OF_FIRE,Unspecified cause,7,0.00044811471736764613
2018/19,CAUSE_OF_FIRE,Other accidental,3635,0.2417692051878949
2018/19,CAUSE_OF_FIRE,Deliberate,3583,0.23831060857998004
2018/19,CAUSE_OF_FIRE,Faulty appliances and leads,2331,0.15503824409710676
2018/19,CAUSE_OF_FIRE,Faulty fuel supplies,1662,0.11054206850681743
2018/19,CAUSE_OF_FIRE,Misuse of equipment or appliances,1353,0.08999002327901563
2018/19,CAUSE_OF_FIRE,Placing articles too close to heat,1098,0.07302959760558696
2018/19,CAUSE_OF_FIRE,Careless handling of fire or hot substances,944,0.06278683072830063
2018/19,CAUSE_OF_FIRE,Chip/ fat pan fires,360,0.02394413036248753
2018/19,CAUSE_OF_FIRE,Playing with fire,61,0.0040571998669770536
2018/19,CAUSE_OF_FIRE,Unspecified cause,8,0.0005320917858330562
2019/20,CAUSE_OF_FIRE,Deliberate,3818,0.26639687412782587
2019/20,CAUSE_OF_FIRE,Other accidental,3287,0.22934691599218532
2019/20,CAUSE_OF_FIRE,Faulty appliances and leads,2222,0.15503767792352777
2019/20,CAUSE_OF_FIRE,Faulty fuel supplies,1580,0.11024281328495673
2019/20,CAUSE_OF_FIRE,Misuse of equipment or appliances,1238,0.08638012838403572
2019/20,CAUSE_OF_FIRE,Placing articles too close to heat,974,0.06795981021490372
2019/20,CAUSE_OF_FIRE,Careless handling of fire or hot substances,807,0.05630756349427854
2019/20,CAUSE_OF_FIRE,Chip/ fat pan fires,337,0.023513815238626848
2019/20,CAUSE_OF_FIRE,Playing with fire,58,0.0040468880826123365
2019/20,CAUSE_OF_FIRE,Unspecified cause,11,0.0007675132570471671
2020/21,CAUSE_OF_FIRE,Other accidental,3146,0.26383763837638374
2020/21,CAUSE_OF_FIRE,Deliberate,2680,0.22475679302247567
2020/21,CAUSE_OF_FIRE,Faulty appliances and leads,1709,0.14332438778933243
2020/21,CAUSE_OF_FIRE,Faulty fuel supplies,1321,0.11078497148607849
2020/21,CAUSE_OF_FIRE,Placing articles too close to heat,941,0.07891647098289165
2020/21,CAUSE_OF_FIRE,Misuse of equipment or appliances,926,0.07765850385776585
2020/21,CAUSE_OF_FIRE,Careless handling of fire or hot substances,878,0.07363300905736331
2020/21,CAUSE_OF_FIRE,Chip/ fat pan fires,234,0.01962428715196243
2020/21,CAUSE_OF_FIRE,Playing with fire,48,0.004025494800402549
2020/21,CAUSE_OF_FIRE,Unspecified cause,41,0.0034384434753438444
2021/22,CAUSE_OF_FIRE,Other accidental,3190,0.24625598270804386
2021/22,CAUSE_OF_FIRE,Deliberate,3046,0.23513972518141116
2021/22,CAUSE_OF_FIRE,Faulty appliances and leads,1972,0.15223097112860892
2021/22,CAUSE_OF_FIRE,Faulty fuel supplies,1481,0.11432762081210437
2021/22,CAUSE_OF_FIRE,Misuse of equipment or appliances,1103,0.08514744480469354
2021/22,CAUSE_OF_FIRE,Placing articles too close to heat,979,0.0755751119345376
2021/22,CAUSE_OF_FIRE,Careless handling of fire or hot substances,765,0.05905511811023622
2021/22,CAUSE_OF_FIRE,Chip/ fat pan fires,337,0.026015130461633472
2021/22,CAUSE_OF_FIRE,Playing with fire,56,0.004322989038134939
2021/22,CAUSE_OF_FIRE,Unspecified cause,25,0.0019299058205959549
2022/23,CAUSE_OF_FIRE,Deliberate,3432,0.2527618205921343
2022/23,CAUSE_OF_FIRE,Other accidental,3398,0.25025776992193255
2022/23,CAUSE_OF_FIRE,Faulty appliances and leads,1883,0.1386802179997054
2022/23,CAUSE_OF_FIRE,Faulty fuel supplies,1466,0.1079687730151716
2022/23,CAUSE_OF_FIRE,Misuse of equipment or appliances,1085,0.07990867579908675
2022/23,CAUSE_OF_FIRE,Placing articles too close to heat,972,0.07158638974812197
2022/23,CAUSE_OF_FIRE,Careless handling of fire or hot substances,893,0.06576815436735896
2022/23,CAUSE_OF_FIRE,Chip/ fat pan fires,344,0.0253351008985123
2022/23,CAUSE_OF_FIRE,Playing with fire,61,0.004492561496538519
2022/23,CAUSE_OF_FIRE,Unspecified cause,44,0.00324053616143762
2023/24,CAUSE_OF_FIRE,Deliberate,4039,0.3036842105263158
2023/24,CAUSE_OF_FIRE,Other accidental,3038,0.22842105263157894
2023/24,CAUSE_OF_FIRE,Faulty appliances and leads,1717,0.12909774436090227
2023/24,CAUSE_OF_FIRE,Faulty fuel supplies,1443,0.10849624060150376
2023/24,CAUSE_OF_FIRE,Misuse of equipment or appliances,1058,0.07954887218045113
2023/24,CAUSE_OF_FIRE,Placing articles too close to heat,900,0.06766917293233082
2023/24,CAUSE_OF_FIRE,Careless handling of fire or hot substances,681,0.05120300751879699
2023/24,CAUSE_OF_FIRE,Chip/ fat pan fires,321,0.024135338345864663
2023/24,CAUSE_OF_FIRE,Playing with fire,68,0.005112781954887218
2023/24,CAUSE_OF_FIRE,Unspecified cause,35,0.002631578947368421
2024/25,CAUSE_OF_FIRE,Deliberate,4170,0.3160767073448041
2024/25,CAUSE_OF_FIRE,Other accidental,2973,0.22534677480482074
2024/25,CAUSE_OF_FIRE,Faulty appliances and leads,1709,0.1295383915712878
2024/25,CAUSE_OF_FIRE,Faulty fuel supplies,1416,0.10732964450845145
2024/25,CAUSE_OF_FIRE,Misuse of equipment or appliances,925,0.07011293867960282
2024/25,CAUSE_OF_FIRE,Placing articles too close to heat,916,0.06943075873569317
2024/25,CAUSE_OF_FIRE,Careless handling of fire or hot substances,648,0.049116955961494735
2024/25,CAUSE_OF_FIRE,Chip/ fat pan fires,314,0.0238005002652922
2024/25,CAUSE_OF_FIRE,Playing with fire,71,0.005381641779731676
2024/25,CAUSE_OF_FIRE,Unspecified cause,51,0.0038656863488213448
2025/26,CAUSE_OF_FIRE,Deliberate,3657,0.267344104101177
2025/26,CAUSE_OF_FIRE,Other accidental,3481,0.2544776664960889
2025/26,CAUSE_OF_FIRE,Faulty appliances and leads,1750,0.12793332845968272
2025/26,CAUSE_OF_FIRE,Faulty fuel supplies,1485,0.10856056729293077
2025/26,CAUSE_OF_FIRE,Misuse of equipment or appliances,1026,0.07500548285693398
2025/26,CAUSE_OF_FIRE,Placing articles too close to heat,998,0.07295854960157906
2025/26,CAUSE_OF_FIRE,Careless handling of fire or hot substances,861,0.0629431976021639
2025/26,CAUSE_OF_FIRE,Chip/ fat pan fires,290,0.021200380144747424
2025/26,CAUSE_OF_FIRE,Playing with fire,75,0.0054828569339864025
2025/26,CAUSE_OF_FIRE,Unspecified cause,56,0.0040938665107098475
2010/11,FIRE_SIZE_ON_ARRIVAL,Limited to item 1st ignited,5729,0.27601657352090964
2010/11,FIRE_SIZE_ON_ARRIVAL,No fire damage,5698,0.27452302948545
2010/11,FIRE_SIZE_ON_ARRIVAL,Limited to room of origin,4370,0.21054153015995375
2010/11,FIRE_SIZE_ON_ARRIVAL,Whole Building/ Affecting more than 2 floors,2667,0.1284929658893814
2010/11,FIRE_SIZE_ON_ARRIVAL,Limited to floor of origin (not whole building),1538,0.07409905569473887
2010/11,FIRE_SIZE_ON_ARRIVAL,Roofs/ Roof spaces,552,0.026594719599152054
2010/11,FIRE_SIZE_ON_ARRIVAL,Limited to 2 floors,202,0.009732125650414338
2011/12,FIRE_SIZE_ON_ARRIVAL,Limited to item 1st ignited,5495,0.2703833095507553
2011/12,FIRE_SIZE_ON_ARRIVAL,No fire damage,5338,0.26265807213501946
2011/12,FIRE_SIZE_ON_ARRIVAL,Limited to room of origin,4174,0.205383063524086
2011/12,FIRE_SIZE_ON_ARRIVAL,Whole Building/ Affecting more than 2 floors,3080,0.1515524282832259
2011/12,FIRE_SIZE_ON_ARRIVAL,Limited to floor of origin (not whole building),1465,0.07208581410224868
2011/12,FIRE_SIZE_ON_ARRIVAL,Roofs/ Roof spaces,542,0.026669290951139103
2011/12,FIRE_SIZE_ON_ARRIVAL,Limited to 2 floors,229,0.011268021453525562
2012/13,FIRE_SIZE_ON_ARRIVAL,Limited to item 1st ignited,4860,0.2943670502725621
2012/13,FIRE_SIZE_ON_ARRIVAL,No fire damage,4391,0.2659600242277408
2012/13,FIRE_SIZE_ON_ARRIVAL,Limited to room of origin,3745,0.226832222895215
2012/13,FIRE_SIZE_ON_ARRIVAL,Whole Building/ Affecting more than 2 floors,1848,0.11193216232586312
2012/13,FIRE_SIZE_ON_ARRIVAL,Limited to floor of origin (not whole building),1069,0.06474863718958207
2012/13,FIRE_SIZE_ON_ARRIVAL,Roofs/ Roof spaces,390,0.023622047244094488
2012/13,FIRE_SIZE_ON_ARRIVAL,Limited to 2 floors,207,0.012537855844942459
2013/14,FIRE_SIZE_ON_ARRIVAL,Limited to item 1st ignited,4879,0.2950532172230285
2013/14,FIRE_SIZE_ON_ARRIVAL,No fire damage,4230,0.2558055152394775
2013/14,FIRE_SIZE_ON_ARRIVAL,Limited to room of origin,3398,0.20549104983067248
2013/14,FIRE_SIZE_ON_ARRIVAL,Whole Building/ Affecting more than 2 floors,2231,0.13491775520077406
2013/14,FIRE_SIZE_ON_ARRIVAL,Limited to floor of origin (not whole building),1144,0.06918238993710692
2013/14,FIRE_SIZE_ON_ARRIVAL,Roofs/ Roof spaces,491,0.029692791485244317
2013/14,FIRE_SIZE_ON_ARRIVAL,Limited to 2 floors,163,0.009857281083696177
2014/15,FIRE_SIZE_ON_ARRIVAL,Limited to item 1st ignited,4611,0.2962225362970577
2014/15,FIRE_SIZE_ON_ARRIVAL,No fire damage,4062,0.2609533598869331
2014/15,FIRE_SIZE_ON_ARRIVAL,Limited to room of origin,3330,0.21392779134010023
2014/15,FIRE_SIZE_ON_ARRIVAL,Whole Building/ Affecting more than 2 floors,1935,0.12430939226519337
2014/15,FIRE_SIZE_ON_ARRIVAL,Limited to floor of origin (not whole building),1064,0.06835410510086085
2014/15,FIRE_SIZE_ON_ARRIVAL,Roofs/ Roof spaces,398,0.025568546832840808
2014/15,FIRE_SIZE_ON_ARRIVAL,Limited to 2 floors,166,0.010664268277014005
2015/16,FIRE_SIZE_ON_ARRIVAL,Limited to item 1st ignited,4724,0.2947342151235338
2015/16,FIRE_SIZE_ON_ARRIVAL,No fire damage,3907,0.24376091839281258
2015/16,FIRE_SIZE_ON_ARRIVAL,Limited to room of origin,3506,0.218742201147991
2015/16,FIRE_SIZE_ON_ARRIVAL,Whole Building/ Affecting more than 2 floors,2142,0.13364112802595457
2015/16,FIRE_SIZE_ON_ARRIVAL,Limited to floor of origin (not whole building),1149,0.07168704766658347
2015/16,FIRE_SIZE_ON_ARRIVAL,Roofs/ Roof spaces,411,0.025642625405540305
2015/16,FIRE_SIZE_ON_ARRIVAL,Limited to 2 floors,189,0.011791864237584227
2016/17,FIRE_SIZE_ON_ARRIVAL,Limited to item 1st ignited,4866,0.30657762096774194
2016/17,FIRE_SIZE_ON_ARRIVAL,No fire damage,3807,0.23985635080645162
2016/17,FIRE_SIZE_ON_ARRIVAL,Limited to room of origin,3523,0.22196320564516128
2016/17,FIRE_SIZE_ON_ARRIVAL,Whole Building/ Affecting more than 2 floors,2016,0.12701612903225806
2016/17,FIRE_SIZE_ON_ARRIVAL,Limited to floor of origin (not whole building),1091,0.06873739919354839
2016/17,FIRE_SIZE_ON_ARRIVAL,Roofs/ Roof spaces,397,0.025012600806451613
2016/17,FIRE_SIZE_ON_ARRIVAL,Limited to 2 floors,172,0.010836693548387098
2017/18,FIRE_SIZE_ON_ARRIVAL,Limited to item 1st ignited,4731,0.3028615325523334
2017/18,FIRE_SIZE_ON_ARRIVAL,No fire damage,3603,0.230651046667947
2017/18,FIRE_SIZE_ON_ARRIVAL,Limited to room of origin,3368,0.21560719544203316
2017/18,FIRE_SIZE_ON_ARRIVAL,Whole Building/ Affecting more than 2 floors,2158,0.13814736572562575
2017/18,FIRE_SIZE_ON_ARRIVAL,Limited to floor of origin (not whole building),1208,0.07733179694001664
2017/18,FIRE_SIZE_ON_ARRIVAL,Roofs/ Roof spaces,398,0.02547852250176045
2017/18,FIRE_SIZE_ON_ARRIVAL,Limited to 2 floors,155,0.009922540170283593
2018/19,FIRE_SIZE_ON_ARRIVAL,Limited to item 1st ignited,4506,0.2997006983704689
2018/19,FIRE_SIZE_ON_ARRIVAL,No fire damage,3394,0.2257399401396741
2018/19,FIRE_SIZE_ON_ARRIVAL,Limited to room of origin,3014,0.20046558031260392
2018/19,FIRE_SIZE_ON_ARRIVAL,Whole Building/ Affecting more than 2 floors,2326,0.15470568673096108
2018/19,FIRE_SIZE_ON_ARRIVAL,Limited to floor of origin (not whole building),1189,0.07908214166943797
2018/19,FIRE_SIZE_ON_ARRIVAL,Roofs/ Roof spaces,451,0.029996674426338542
2018/19,FIRE_SIZE_ON_ARRIVAL,Limited to 2 floors,155,0.010309278350515464
2019/20,FIRE_SIZE_ON_ARRIVAL,Limited to item 1st ignited,4369,0.304842310912643
2019/20,FIRE_SIZE_ON_ARRIVAL,No fire damage,3371,0.23520792631872733
2019/20,FIRE_SIZE_ON_ARRIVAL,Limited to room of origin,2944,0.20541445715880546
2019/20,FIRE_SIZE_ON_ARRIVAL,Whole Building/ Affecting more than 2 floors,1945,0.13571029863243092
2019/20,FIRE_SIZE_ON_ARRIVAL,Limited to floor of origin (not whole building),1163,0.08114708344962322
2019/20,FIRE_SIZE_ON_ARRIVAL,Roofs/ Roof spaces,368,0.025676807144850683
2019/20,FIRE_SIZE_ON_ARRIVAL,Limited to 2 floors,172,0.012001116382919341
2020/21,FIRE_SIZE_ON_ARRIVAL,Limited to item 1st ignited,3259,0.2733143240523314
2020/21,FIRE_SIZE_ON_ARRIVAL,Limited to room of origin,2459,0.20622274404562227
2020/21,FIRE_SIZE_ON_ARRIVAL,No fire damage,2436,0.20429386112042938
2020/21,FIRE_SIZE_ON_ARRIVAL,Whole Building/ Affecting more than 2 floors,2185,0.1832438778933244
2020/21,FIRE_SIZE_ON_ARRIVAL,Limited to floor of origin (not whole building),1084,0.09090909090909091
2020/21,FIRE_SIZE_ON_ARRIVAL,Roofs/ Roof spaces,376,0.0315330426031533
2020/21,FIRE_SIZE_ON_ARRIVAL,Limited to 2 floors,125,0.010483059376048307
2021/22,FIRE_SIZE_ON_ARRIVAL,Limited to item 1st ignited,3815,0.29450362822294274
2021/22,FIRE_SIZE_ON_ARRIVAL,No fire damage,3094,0.2388451443569554
2021/22,FIRE_SIZE_ON_ARRIVAL,Limited to room of origin,2563,0.1978539447274973
2021/22,FIRE_SIZE_ON_ARRIVAL,Whole Building/ Affecting more than 2 floors,1831,0.14134630230044773
2021/22,FIRE_SIZE_ON_ARRIVAL,Limited to floor of origin (not whole building),1122,0.08661417322834646
2021/22,FIRE_SIZE_ON_ARRIVAL,Roofs/ Roof spaces,395,0.030492511965416087
2021/22,FIRE_SIZE_ON_ARRIVAL,Limited to 2 floors,134,0.010344295198394318
2022/23,FIRE_SIZE_ON_ARRIVAL,Limited to item 1st ignited,3983,0.29334217115922817
2022/23,FIRE_SIZE_ON_ARRIVAL,No fire damage,3015,0.22205037560760052
2022/23,FIRE_SIZE_ON_ARRIVAL,Limited to room of origin,2718,0.2001767565178966
2022/23,FIRE_SIZE_ON_ARRIVAL,Whole Building/ Affecting more than 2 floors,2041,0.15031668876123142
2022/23,FIRE_SIZE_ON_ARRIVAL,Limited to floor of origin (not whole building),1247,0.09183974075710709
2022/23,FIRE_SIZE_ON_ARRIVAL,Roofs/ Roof spaces,430,0.03166887612314037
2022/23,FIRE_SIZE_ON_ARRIVAL,Limited to 2 floors,144,0.010605391073795847
2023/24,FIRE_SIZE_ON_ARRIVAL,Limited to item 1st ignited,4107,0.308796992481203
2023/24,FIRE_SIZE_ON_ARRIVAL,No fire damage,3392,0.2550375939849624
2023/24,FIRE_SIZE_ON_ARRIVAL,Limited to room of origin,2611,0.19631578947368422
2023/24,FIRE_SIZE_ON_ARRIVAL,Whole Building/ Affecting more than 2 floors,1596,0.12
2023/24,FIRE_SIZE_ON_ARRIVAL,Limited to floor of origin (not whole building),1133,0.08518796992481203
2023/24,FIRE_SIZE_ON_ARRIVAL,Roofs/ Roof spaces,325,0.02443609022556391
2023/24,FIRE_SIZE_ON_ARRIVAL,Limited to 2 floors,136,0.010225563909774436
2024/25,FIRE_SIZE_ON_ARRIVAL,Limited to item 1st ignited,4111,0.3116046388236186
2024/25,FIRE_SIZE_ON_ARRIVAL,No fire damage,3251,0.24641855529447435
2024/25,FIRE_SIZE_ON_ARRIVAL,Limited to room of origin,2680,0.2031380277419844
2024/25,FIRE_SIZE_ON_ARRIVAL,Whole Building/ Affecting more than 2 floors,1555,0.11786553475327825
2024/25,FIRE_SIZE_ON_ARRIVAL,Limited to floor of origin (not whole building),1121,0.08496930190252407
2024/25,FIRE_SIZE_ON_ARRIVAL,Roofs/ Roof spaces,344,0.0260744334116577
2024/25,FIRE_SIZE_ON_ARRIVAL,Limited to 2 floors,131,0.00992950807246267
2025/26,FIRE_SIZE_ON_ARRIVAL,Limited to item 1st ignited,4101,0.2998026171503765
2025/26,FIRE_SIZE_ON_ARRIVAL,No fire damage,3230,0.2361283719570144
2025/26,FIRE_SIZE_ON_ARRIVAL,Limited to room of origin,2615,0.1911689450983259
2025/26,FIRE_SIZE_ON_ARRIVAL,Whole Building/ Affecting more than 2 floors,1977,0.14452810877988156
2025/26,FIRE_SIZE_ON_ARRIVAL,Limited to floor of origin (not whole building),1150,0.08407047298779151
2025/26,FIRE_SIZE_ON_ARRIVAL,Roofs/ Roof spaces,445,0.03253161780831932
2025/26,FIRE_SIZE_ON_ARRIVAL,Limited to 2 floors,161,0.011769866218290811
2010/11,FIRE_START_LOCATION,Other,4604,0.22181537868568124
2010/11,FIRE_START_LOCATION,Kitchen,2811,0.1354307188282906
2010/11,FIRE_START_LOCATION,External fittings and structures,2521,0.12145885527076508
2010/11,FIRE_START_LOCATION,Garage,1674,0.08065137791481981
2010/11,FIRE_START_LOCATION,Store Room/ Laundry Room/ Cloakroom,1550,0.0746772017729813
2010/11,FIRE_START_LOCATION,Process/ Production room,1220,0.05877818462131432
2010/11,FIRE_START_LOCATION,Shop floor/ Showroom/ Display hall,951,0.04581807670071305
2010/11,FIRE_START_LOCATION,Meeting Room/ Office,946,0.045577182501445365
2010/11,FIRE_START_LOCATION,Corridor/ Hall/ Open Plan Area/ Reception Area,739,0.035604162651763346
2010/11,FIRE_START_LOCATION,Boiler Room/ Power house/ Plant/ Generator,729,0.035122374253227985
2010/11,FIRE_START_LOCATION,Bathroom/ Toilet,614,0.029581807670071306
2010/11,FIRE_START_LOCATION,Barn,515,0.02481210252457121
2010/11,FIRE_START_LOCATION,Roof/ Roof Space,514,0.02476392368471767
2010/11,FIRE_START_LOCATION,Bedroom/ Bedsitting Room,474,0.02283677009057622
2010/11,FIRE_START_LOCATION,Dining Room/ Utility Room/ Conservatory,360,0.017344382347273077
2010/11,FIRE_START_LOCATION,Refuse Store,350,0.016862593948737715
2010/11,FIRE_START_LOCATION,Stairs/ Under stairs (enclosed area),184,0.008864906533050684
2011/12,FIRE_START_LOCATION,Other,4534,0.2230969837130345
2011/12,FIRE_START_LOCATION,External fittings and structures,2877,0.14156374551001327
2011/12,FIRE_START_LOCATION,Kitchen,2512,0.12360379865177386
2011/12,FIRE_START_LOCATION,Garage,1536,0.07557939280618019
2011/12,FIRE_START_LOCATION,Store Room/ Laundry Room/ Cloakroom,1500,0.07380800078728535
2011/12,FIRE_START_LOCATION,Process/ Production room,1187,0.058406731289671804
2011/12,FIRE_START_LOCATION,Shop floor/ Showroom/ Display hall,985,0.048467253850317374
2011/12,FIRE_START_LOCATION,Meeting Room/ Office,872,0.04290705112434188
2011/12,FIRE_START_LOCATION,Corridor/ Hall/ Open Plan Area/ Reception Area,699,0.03439452836687497
2011/12,FIRE_START_LOCATION,Boiler Room/ Power house/ Plant/ Generator,649,0.03193426167396546
2011/12,FIRE_START_LOCATION,Bathroom/ Toilet,609,0.02996604831963785
2011/12,FIRE_START_LOCATION,Barn,525,0.02583280027554987
2011/12,FIRE_START_LOCATION,Roof/ Roof Space,502,0.024701077596811494
2011/12,FIRE_START_LOCATION,Bedroom/ Bedsitting Room,420,0.020666240220439894
2011/12,FIRE_START_LOCATION,Refuse Store,390,0.01919008020469419
2011/12,FIRE_START_LOCATION,Dining Room/ Utility Room/ Conservatory,330,0.016237760173202775
2011/12,FIRE_START_LOCATION,Stairs/ Under stairs (enclosed area),196,0.009644245436205285
2012/13,FIRE_START_LOCATION,Other,3455,0.209267110841914
2012/13,FIRE_START_LOCATION,Kitchen,2394,0.14500302846759539
2012/13,FIRE_START_LOCATION,External fittings and structures,1793,0.10860084797092671
2012/13,FIRE_START_LOCATION,Garage,1322,0.08007268322228953
2012/13,FIRE_START_LOCATION,Store Room/ Laundry Room/ Cloakroom,1197,0.07250151423379769
2012/13,FIRE_START_LOCATION,Process/ Production room,1009,0.061114476075106
2012/13,FIRE_START_LOCATION,Shop floor/ Showroom/ Display hall,794,0.04809206541490006
2012/13,FIRE_START_LOCATION,Meeting Room/ Office,770,0.04663840096910963
2012/13,FIRE_START_LOCATION,Corridor/ Hall/ Open Plan Area/ Reception Area,653,0.03955178679588128
2012/13,FIRE_START_LOCATION,Boiler Room/ Power house/ Plant/ Generator,630,0.03815869170199879
2012/13,FIRE_START_LOCATION,Bathroom/ Toilet,596,0.036099333737129015
2012/13,FIRE_START_LOCATION,Barn,415,0.025136281041792854
2012/13,FIRE_START_LOCATION,Bedroom/ Bedsitting Room,393,0.02380375529981829
2012/13,FIRE_START_LOCATION,Roof/ Roof Space,386,0.02337976983646275
2012/13,FIRE_START_LOCATION,Dining Room/ Utility Room/ Conservatory,295,0.017867958812840704
2012/13,FIRE_START_LOCATION,Refuse Store,227,0.013749242883101151
2012/13,FIRE_START_LOCATION,Stairs/ Under stairs (enclosed area),181,0.01096305269533616
2013/14,FIRE_START_LOCATION,Other,3706,0.2241170778906628
2013/14,FIRE_START_LOCATION,Kitchen,2201,0.13310353168843736
2013/14,FIRE_START_LOCATION,External fittings and structures,2131,0.128870343492985
2013/14,FIRE_START_LOCATION,Garage,1219,0.07371794871794872
2013/14,FIRE_START_LOCATION,Store Room/ Laundry Room/ Cloakroom,1085,0.06561441702951137
2013/14,FIRE_START_LOCATION,Process/ Production room,1048,0.06337687469762941
2013/14,FIRE_START_LOCATION,Shop floor/ Showroom/ Display hall,779,0.04710933720367683
2013/14,FIRE_START_LOCATION,Meeting Room/ Office,744,0.04499274310595065
2013/14,FIRE_START_LOCATION,Corridor/ Hall/ Open Plan Area/ Reception Area,602,0.03640541848089018
2013/14,FIRE_START_LOCATION,Boiler Room/ Power house/ Plant/ Generator,598,0.036163522012578615
2013/14,FIRE_START_LOCATION,Bathroom/ Toilet,505,0.030539429124334785
2013/14,FIRE_START_LOCATION,Roof/ Roof Space,481,0.02908805031446541
2013/14,FIRE_START_LOCATION,Barn,436,0.026366715045960328
2013/14,FIRE_START_LOCATION,Bedroom/ Bedsitting Room,365,0.02207305273343009
2013/14,FIRE_START_LOCATION,Dining Room/ Utility Room/ Conservatory,281,0.016993226898887277
2013/14,FIRE_START_LOCATION,Refuse Store,200,0.012094823415578132
2013/14,FIRE_START_LOCATION,Stairs/ Under stairs (enclosed area),155,0.009373488147073053
2014/15,FIRE_START_LOCATION,Other,3591,0.23069510471540536
2014/15,FIRE_START_LOCATION,Kitchen,2219,0.1425542849800848
2014/15,FIRE_START_LOCATION,External fittings and structures,1858,0.11936271360657844
2014/15,FIRE_START_LOCATION,Garage,1080,0.06938198638057304
2014/15,FIRE_START_LOCATION,Process/ Production room,1048,0.06732622382114865
2014/15,FIRE_START_LOCATION,Store Room/ Laundry Room/ Cloakroom,1035,0.0664910702813825
2014/15,FIRE_START_LOCATION,Shop floor/ Showroom/ Display hall,747,0.04798920724656302
2014/15,FIRE_START_LOCATION,Meeting Room/ Office,696,0.044712835667480404
2014/15,FIRE_START_LOCATION,Corridor/ Hall/ Open Plan Area/ Reception Area,545,0.03501220609019658
2014/15,FIRE_START_LOCATION,Boiler Room/ Power house/ Plant/ Generator,535,0.03436978029037646
2014/15,FIRE_START_LOCATION,Bathroom/ Toilet,463,0.029744314531671593
2014/15,FIRE_START_LOCATION,Barn,421,0.027046126172427083
2014/15,FIRE_START_LOCATION,Roof/ Roof Space,401,0.025761274572786843
2014/15,FIRE_START_LOCATION,Bedroom/ Bedsitting Room,333,0.021392779134010022
2014/15,FIRE_START_LOCATION,Dining Room/ Utility Room/ Conservatory,303,0.01946550173454966
2014/15,FIRE_START_LOCATION,Refuse Store,169,0.010856996016960042
2014/15,FIRE_START_LOCATION,Stairs/ Under stairs (enclosed area),122,0.007837594757805473
2015/16,FIRE_START_LOCATION,Other,4387,0.27370851010731223
2015/16,FIRE_START_LOCATION,Kitchen,2123,0.13245570252058897
2015/16,FIRE_START_LOCATION,External fittings and structures,1993,0.12434489643124533
2015/16,FIRE_START_LOCATION,Garage,1029,0.06420014973795857
2015/16,FIRE_START_LOCATION,Store Room/ Laundry Room/ Cloakroom,1002,0.06251559770401798
2015/16,FIRE_START_LOCATION,Process/ Production room,961,0.05995757424507112
2015/16,FIRE_START_LOCATION,Shop floor/ Showroom/ Display hall,662,0.04130272023958073
2015/16,FIRE_START_LOCATION,Meeting Room/ Office,652,0.04067881207886199
2015/16,FIRE_START_LOCATION,Corridor/ Hall/ Open Plan Area/ Reception Area,531,0.03312952333416521
2015/16,FIRE_START_LOCATION,Bathroom/ Toilet,501,0.03125779885200899
2015/16,FIRE_START_LOCATION,Boiler Room/ Power house/ Plant/ Generator,459,0.028637384576990266
2015/16,FIRE_START_LOCATION,Barn,417,0.02601697030197155
2015/16,FIRE_START_LOCATION,Roof/ Roof Space,370,0.023084601946593463
2015/16,FIRE_START_LOCATION,Bedroom/ Bedsitting Room,354,0.022086348889443472
2015/16,FIRE_START_LOCATION,Dining Room/ Utility Room/ Conservatory,233,0.014537060144746693
2015/16,FIRE_START_LOCATION,Refuse Store,192,0.01197903668579985
2015/16,FIRE_START_LOCATION,Stairs/ Under stairs (enclosed area),162,0.010107312203643623
2016/17,FIRE_START_LOCATION,Other,4474,0.2818800403225806
2016/17,FIRE_START_LOCATION,Kitchen,2111,0.1330015120967742
2016/17,FIRE_START_LOCATION,External fittings and structures,1885,0.11876260080645161
2016/17,FIRE_START_LOCATION,Garage,1122,0.07069052419354839
2016/17,FIRE_START_LOCATION,Process/ Production room,904,0.05695564516129032
2016/17,FIRE_START_LOCATION,Store Room/ Laundry Room/ Cloakroom,887,0.055884576612903226
2016/17,FIRE_START_LOCATION,Shop floor/ Showroom/ Display hall,725,0.045677923387096774
2016/17,FIRE_START_LOCATION,Meeting Room/ Office,569,0.03584929435483871
2016/17,FIRE_START_LOCATION,Boiler Room/ Power house/ Plant/ Generator,522,0.03288810483870968
2016/17,FIRE_START_LOCATION,Corridor/ Hall/ Open Plan Area/ Reception Area,520,0.03276209677419355
2016/17,FIRE_START_LOCATION,Bathroom/ Toilet,511,0.03219506048387097
2016/17,FIRE_START_LOCATION,Barn,397,0.025012600806451613
2016/17,FIRE_START_LOCATION,Roof/ Roof Space,395,0.024886592741935484
2016/17,FIRE_START_LOCATION,Bedroom/ Bedsitting Room,278,0.017515120967741934
2016/17,FIRE_START_LOCATION,Dining Room/ Utility Room/ Conservatory,256,0.016129032258064516
2016/17,FIRE_START_LOCATION,Stairs/ Under stairs (enclosed area),160,0.010080645161290322
2016/17,FIRE_START_LOCATION,Refuse Store,156,0.009828629032258064
2017/18,FIRE_START_LOCATION,Other,4238,0.27130145317201204
2017/18,FIRE_START_LOCATION,Kitchen,2005,0.12835285833173293
2017/18,FIRE_START_LOCATION,External fittings and structures,1989,0.12732859612060687
2017/18,FIRE_START_LOCATION,Garage,1062,0.06798540426349145
2017/18,FIRE_START_LOCATION,Store Room/ Laundry Room/ Cloakroom,932,0.05966327379809231
2017/18,FIRE_START_LOCATION,Process/ Production room,871,0.05575827411817425
2017/18,FIRE_START_LOCATION,Shop floor/ Showroom/ Display hall,677,0.04333909480827092
2017/18,FIRE_START_LOCATION,Meeting Room/ Office,576,0.03687343960053774
2017/18,FIRE_START_LOCATION,Corridor/ Hall/ Open Plan Area/ Reception Area,518,0.033160489085205816
2017/18,FIRE_START_LOCATION,Bathroom/ Toilet,507,0.03245630881505666
2017/18,FIRE_START_LOCATION,Boiler Room/ Power house/ Plant/ Generator,494,0.03162409576851674
2017/18,FIRE_START_LOCATION,Roof/ Roof Space,420,0.026886883042058767
2017/18,FIRE_START_LOCATION,Barn,409,0.026182702771909608
2017/18,FIRE_START_LOCATION,Bedroom/ Bedsitting Room,366,0.023429998079508355
2017/18,FIRE_START_LOCATION,Dining Room/ Utility Room/ Conservatory,277,0.01773253953011971
2017/18,FIRE_START_LOCATION,Refuse Store,151,0.00966647461750208
2017/18,FIRE_START_LOCATION,Stairs/ Under stairs (enclosed area),129,0.008258114077203765
2018/19,FIRE_START_LOCATION,Other,4031,0.26810774858663117
2018/19,FIRE_START_LOCATION,External fittings and structures,2284,0.15191220485533755
2018/19,FIRE_START_LOCATION,Kitchen,1942,0.12916528101097438
2018/19,FIRE_START_LOCATION,Garage,1065,0.0708347189890256
2018/19,FIRE_START_LOCATION,Process/ Production room,868,0.0577319587628866
2018/19,FIRE_START_LOCATION,Store Room/ Laundry Room/ Cloakroom,749,0.049817093448619884
2018/19,FIRE_START_LOCATION,Shop floor/ Showroom/ Display hall,605,0.040239441303624876
2018/19,FIRE_START_LOCATION,Meeting Room/ Office,539,0.03584968407050216
2018/19,FIRE_START_LOCATION,Bathroom/ Toilet,455,0.03026272031925507
2018/19,FIRE_START_LOCATION,Boiler Room/ Power house/ Plant/ Generator,441,0.029331559694047223
2018/19,FIRE_START_LOCATION,Corridor/ Hall/ Open Plan Area/ Reception Area,436,0.028999002327901563
2018/19,FIRE_START_LOCATION,Roof/ Roof Space,416,0.02766877286331892
2018/19,FIRE_START_LOCATION,Barn,404,0.02687063518456934
2018/19,FIRE_START_LOCATION,Bedroom/ Bedsitting Room,301,0.02001995344196874
2018/19,FIRE_START_LOCATION,Dining Room/ Utility Room/ Conservatory,240,0.015962753574991686
2018/19,FIRE_START_LOCATION,Refuse Store,139,0.009245094778849352
2018/19,FIRE_START_LOCATION,Stairs/ Under stairs (enclosed area),120,0.007981376787495843
2019/20,FIRE_START_LOCATION,Other,4168,0.2908177504884175
2019/20,FIRE_START_LOCATION,External fittings and structures,1950,0.13605916829472509
2019/20,FIRE_START_LOCATION,Kitchen,1775,0.12384873011442925
2019/20,FIRE_START_LOCATION,Garage,1027,0.07165782863522188
2019/20,FIRE_START_LOCATION,Process/ Production room,805,0.05616801562936087
2019/20,FIRE_START_LOCATION,Store Room/ Laundry Room/ Cloakroom,717,0.05002790957298353
2019/20,FIRE_START_LOCATION,Shop floor/ Showroom/ Display hall,562,0.03921295004186436
2019/20,FIRE_START_LOCATION,Meeting Room/ Office,494,0.03446832263466369
2019/20,FIRE_START_LOCATION,Corridor/ Hall/ Open Plan Area/ Reception Area,458,0.031956461066145685
2019/20,FIRE_START_LOCATION,Bathroom/ Toilet,430,0.030002790957298353
2019/20,FIRE_START_LOCATION,Boiler Room/ Power house/ Plant/ Generator,426,0.02972369522746302
2019/20,FIRE_START_LOCATION,Barn,403,0.028118894780909853
2019/20,FIRE_START_LOCATION,Roof/ Roof Space,354,0.024699972090427017
2019/20,FIRE_START_LOCATION,Bedroom/ Bedsitting Room,275,0.01918783142617918
2019/20,FIRE_START_LOCATION,Dining Room/ Utility Room/ Conservatory,228,0.01590845660061401
2019/20,FIRE_START_LOCATION,Stairs/ Under stairs (enclosed area),138,0.009628802679319006
2019/20,FIRE_START_LOCATION,Refuse Store,122,0.008512419759977673
2020/21,FIRE_START_LOCATION,Other,3325,0.27884937940288496
2020/21,FIRE_START_LOCATION,External fittings and structures,2137,0.17921838309292185
2020/21,FIRE_START_LOCATION,Kitchen,1209,0.10139215028513922
2020/21,FIRE_START_LOCATION,Garage,993,0.08327742368332774
2020/21,FIRE_START_LOCATION,Process/ Production room,681,0.05711170748071117
2020/21,FIRE_START_LOCATION,Store Room/ Laundry Room/ Cloakroom,554,0.04646091915464609
2020/21,FIRE_START_LOCATION,Shop floor/ Showroom/ Display hall,405,0.033965112378396514
2020/21,FIRE_START_LOCATION,Barn,363,0.03044280442804428
2020/21,FIRE_START_LOCATION,Boiler Room/ Power house/ Plant/ Generator,359,0.030107346528010736
2020/21,FIRE_START_LOCATION,Meeting Room/ Office,337,0.02826232807782623
2020/21,FIRE_START_LOCATION,Corridor/ Hall/ Open Plan Area/ Reception Area,321,0.02692049647769205
2020/21,FIRE_START_LOCATION,Roof/ Roof Space,309,0.025914122777591413
2020/21,FIRE_START_LOCATION,Bedroom/ Bedsitting Room,274,0.022978866152297887
2020/21,FIRE_START_LOCATION,Bathroom/ Toilet,256,0.02146930560214693
2020/21,FIRE_START_LOCATION,Dining Room/ Utility Room/ Conservatory,170,0.014256960751425697
2020/21,FIRE_START_LOCATION,Refuse Store,149,0.01249580677624958
2020/21,FIRE_START_LOCATION,Stairs/ Under stairs (enclosed area),82,0.006876886950687689
2021/22,FIRE_START_LOCATION,Other,3646,0.28145746487571405
2021/22,FIRE_START_LOCATION,External fittings and structures,1912,0.14759919715917863
2021/22,FIRE_START_LOCATION,Kitchen,1624,0.12536668210591323
2021/22,FIRE_START_LOCATION,Garage,909,0.07017137563686893
2021/22,FIRE_START_LOCATION,Process/ Production room,775,0.0598270804384746
2021/22,FIRE_START_LOCATION,Store Room/ Laundry Room/ Cloakroom,625,0.04824764551489887
2021/22,FIRE_START_LOCATION,Shop floor/ Showroom/ Display hall,465,0.03589624826308476
2021/22,FIRE_START_LOCATION,Meeting Room/ Office,404,0.03118727806083063
2021/22,FIRE_START_LOCATION,Boiler Room/ Power house/ Plant/ Generator,395,0.030492511965416087
2021/22,FIRE_START_LOCATION,Bathroom/ Toilet,379,0.029257372240234676
2021/22,FIRE_START_LOCATION,Barn,372,0.02871699861046781
2021/22,FIRE_START_LOCATION,Corridor/ Hall/ Open Plan Area/ Reception Area,362,0.027945036282229427
2021/22,FIRE_START_LOCATION,Roof/ Roof Space,328,0.025320364366218928
2021/22,FIRE_START_LOCATION,Bedroom/ Bedsitting Room,313,0.024162420873861355
2021/22,FIRE_START_LOCATION,Dining Room/ Utility Room/ Conservatory,204,0.015748031496062992
2021/22,FIRE_START_LOCATION,Refuse Store,137,0.010575883896865833
2021/22,FIRE_START_LOCATION,Stairs/ Under stairs (enclosed area),104,0.008028408213679172
2022/23,FIRE_START_LOCATION,Other,4061,0.2990867579908676
2022/23,FIRE_START_LOCATION,External fittings and structures,2077,0.15296803652968036
2022/23,FIRE_START_LOCATION,Kitchen,1602,0.1179849756959788
2022/23,FIRE_START_LOCATION,Garage,955,0.07033436441302106
2022/23,FIRE_START_LOCATION,Process/ Production room,689,0.05074385034614818
2022/23,FIRE_START_LOCATION,Store Room/ Laundry Room/ Cloakroom,613,0.04514656061275593
2022/23,FIRE_START_LOCATION,Shop floor/ Showroom/ Display hall,476,0.03505670938282516
2022/23,FIRE_START_LOCATION,Bathroom/ Toilet,456,0.033583738400353516
2022/23,FIRE_START_LOCATION,Meeting Room/ Office,421,0.031006039181028133
2022/23,FIRE_START_LOCATION,Boiler Room/ Power house/ Plant/ Generator,387,0.028501988510826335
2022/23,FIRE_START_LOCATION,Corridor/ Hall/ Open Plan Area/ Reception Area,349,0.02570334364413021
2022/23,FIRE_START_LOCATION,Bedroom/ Bedsitting Room,346,0.025482397996759464
2022/23,FIRE_START_LOCATION,Roof/ Roof Space,346,0.025482397996759464
2022/23,FIRE_START_LOCATION,Barn,340,0.02504050670201797
2022/23,FIRE_START_LOCATION,Dining Room/ Utility Room/ Conservatory,232,0.017086463396671085
2022/23,FIRE_START_LOCATION,Refuse Store,128,0.00942701428781853
2022/23,FIRE_START_LOCATION,Stairs/ Under stairs (enclosed area),100,0.007364854912358227
2023/24,FIRE_START_LOCATION,Other,4565,0.3432330827067669
2023/24,FIRE_START_LOCATION,Kitchen,1578,0.11864661654135339
2023/24,FIRE_START_LOCATION,External fittings and structures,1541,0.11586466165413534
2023/24,FIRE_START_LOCATION,Garage,886,0.06661654135338346
2023/24,FIRE_START_LOCATION,Process/ Production room,667,0.050150375939849626
2023/24,FIRE_START_LOCATION,Store Room/ Laundry Room/ Cloakroom,547,0.04112781954887218
2023/24,FIRE_START_LOCATION,Bathroom/ Toilet,500,0.03759398496240601
2023/24,FIRE_START_LOCATION,Shop floor/ Showroom/ Display hall,462,0.034736842105263156
2023/24,FIRE_START_LOCATION,Meeting Room/ Office,399,0.03
2023/24,FIRE_START_LOCATION,Corridor/ Hall/ Open Plan Area/ Reception Area,372,0.027969924812030075
2023/24,FIRE_START_LOCATION,Barn,347,0.026090225563909775
2023/24,FIRE_START_LOCATION,Boiler Room/ Power house/ Plant/ Generator,346,0.026015037593984963
2023/24,FIRE_START_LOCATION,Roof/ Roof Space,317,0.023834586466165413
2023/24,FIRE_START_LOCATION,Bedroom/ Bedsitting Room,299,0.022481203007518796
2023/24,FIRE_START_LOCATION,Dining Room/ Utility Room/ Conservatory,256,0.01924812030075188
2023/24,FIRE_START_LOCATION,Refuse Store,125,0.009398496240601503
2023/24,FIRE_START_LOCATION,Stairs/ Under stairs (enclosed area),93,0.006992481203007519
2024/25,FIRE_START_LOCATION,Other,4881,0.36996892291366634
2024/25,FIRE_START_LOCATION,External fittings and structures,1575,0.11938149018418859
2024/25,FIRE_START_LOCATION,Kitchen,1466,0.11111953308572728
2024/25,FIRE_START_LOCATION,Garage,887,0.06723262336087318
2024/25,FIRE_START_LOCATION,Process/ Production room,637,0.04828318047449405
2024/25,FIRE_START_LOCATION,Store Room/ Laundry Room/ Cloakroom,564,0.04274994315167134
2024/25,FIRE_START_LOCATION,Shop floor/ Showroom/ Display hall,432,0.03274463730766315
2024/25,FIRE_START_LOCATION,Bathroom/ Toilet,423,0.03206245736375351
2024/25,FIRE_START_LOCATION,Meeting Room/ Office,368,0.027893579928750096
2024/25,FIRE_START_LOCATION,Corridor/ Hall/ Open Plan Area/ Reception Area,339,0.025695444553930115
2024/25,FIRE_START_LOCATION,Boiler Room/ Power house/ Plant/ Generator,313,0.023724702493746683
2024/25,FIRE_START_LOCATION,Roof/ Roof Space,306,0.023194118092928068
2024/25,FIRE_START_LOCATION,Barn,300,0.02273933146365497
2024/25,FIRE_START_LOCATION,Bedroom/ Bedsitting Room,280,0.02122337603274464
2024/25,FIRE_START_LOCATION,Dining Room/ Utility Room/ Conservatory,208,0.015765936481467444
2024/25,FIRE_START_LOCATION,Refuse Store,120,0.009095732585461987
2024/25,FIRE_START_LOCATION,Stairs/ Under stairs (enclosed area),94,0.007124990525278557
2025/26,FIRE_START_LOCATION,Other,4853,0.35477739600848013
2025/26,FIRE_START_LOCATION,External fittings and structures,2019,0.14759850866291396
2025/26,FIRE_START_LOCATION,Kitchen,1473,0.10768331018349295
2025/26,FIRE_START_LOCATION,Garage,866,0.06330872139776299
2025/26,FIRE_START_LOCATION,Process/ Production room,614,0.04488632209956868
2025/26,FIRE_START_LOCATION,Store Room/ Laundry Room/ Cloakroom,553,0.04042693179325974
2025/26,FIRE_START_LOCATION,Shop floor/ Showroom/ Display hall,454,0.03318956064039769
2025/26,FIRE_START_LOCATION,Bathroom/ Toilet,408,0.02982674172088603
2025/26,FIRE_START_LOCATION,Roof/ Roof Space,373,0.027268075151692377
2025/26,FIRE_START_LOCATION,Boiler Room/ Power house/ Plant/ Generator,364,0.026610132319614007
2025/26,FIRE_START_LOCATION,Meeting Room/ Office,335,0.024490094305139265
2025/26,FIRE_START_LOCATION,Corridor/ Hall/ Open Plan Area/ Reception Area,327,0.023905256232180715
2025/26,FIRE_START_LOCATION,Bedroom/ Bedsitting Room,300,0.02193142773594561
2025/26,FIRE_START_LOCATION,Barn,286,0.020907961108268147
2025/26,FIRE_START_LOCATION,Dining Room/ Utility Room/ Conservatory,215,0.01571752321076102
2025/26,FIRE_START_LOCATION,Refuse Store,131,0.009576723444696249
2025/26,FIRE_START_LOCATION,Stairs/ Under stairs (enclosed area),108,0.00789531398494042
2010/11,FSO_APPLY,yes,14788,0.7124686837540952
2010/11,FSO_APPLY,no,5968,0.2875313162459048
2011/12,FSO_APPLY,yes,14080,0.6928111007233184
2011/12,FSO_APPLY,no,6243,0.3071888992766816
2012/13,FSO_APPLY,yes,11950,0.7238037552998183
2012/13,FSO_APPLY,no,4560,0.2761962447001817
2013/14,FSO_APPLY,yes,11659,0.7050677310111272
2013/14,FSO_APPLY,no,4877,0.29493226898887276
2014/15,FSO_APPLY,yes,11204,0.7197738661184633
2014/15,FSO_APPLY,no,4362,0.28022613388153667
2015/16,FSO_APPLY,yes,11281,0.7038307961068131
2015/16,FSO_APPLY,no,4747,0.2961692038931869
2016/17,FSO_APPLY,yes,11285,0.7110005040322581
2016/17,FSO_APPLY,no,4587,0.28899949596774194
2017/18,FSO_APPLY,yes,11045,0.7070610076179502
2017/18,FSO_APPLY,no,4576,0.2929389923820498
2018/19,FSO_APPLY,yes,10268,0.6829398071167276
2018/19,FSO_APPLY,no,4767,0.31706019288327236
2019/20,FSO_APPLY,yes,9965,0.6952972369522746
2019/20,FSO_APPLY,no,4367,0.30470276304772537
2020/21,FSO_APPLY,yes,7397,0.6203455216370346
2020/21,FSO_APPLY,no,4527,0.37965447836296545
2021/22,FSO_APPLY,yes,8813,0.680330399876486
2021/22,FSO_APPLY,no,4141,0.319669600123514
2022/23,FSO_APPLY,yes,9220,0.6790396229194285
2022/23,FSO_APPLY,no,4358,0.3209603770805715
2023/24,FSO_APPLY,yes,9509,0.7149624060150376
2023/24,FSO_APPLY,no,3791,0.2850375939849624
2024/25,FSO_APPLY,yes,9405,0.7128780413855833
2024/25,FSO_APPLY,no,3788,0.28712195861441675
2025/26,FSO_APPLY,yes,9406,0.6876233642810147
2025/26,FSO_APPLY,no,4273,0.31237663571898533
2010/11,IGNITION_POWER,Other/ Not known/ Not Applicable,10771,0.5189342840624398
2010/11,IGNITION_POWER,Electric,8695,0.4189150125264984
2010/11,IGNITION_POWER,Gas,1290,0.06215070341106186
2011/12,IGNITION_POWER,Other/ Not known/ Not Applicable,10974,0.5399793337597796
2011/12,IGNITION_POWER,Electric,8092,0.39816956158047534
2011/12,IGNITION_POWER,Gas,1257,0.06185110465974512
2012/13,IGNITION_POWER,Electric,7769,0.4705632949727438
2012/13,IGNITION_POWER,Other/ Not known/ Not Applicable,7609,0.46087219866747425
2012/13,IGNITION_POWER,Gas,1132,0.06856450635978195
2013/14,IGNITION_POWER,Other/ Not known/ Not Applicable,8002,0.4839138848572811
2013/14,IGNITION_POWER,Electric,7469,0.45168118045476535
2013/14,IGNITION_POWER,Gas,1065,0.06440493468795355
2014/15,IGNITION_POWER,Other/ Not known/ Not Applicable,7362,0.4729538738275729
2014/15,IGNITION_POWER,Electric,7140,0.45869202107156626
2014/15,IGNITION_POWER,Gas,1064,0.06835410510086085
2015/16,IGNITION_POWER,Other/ Not known/ Not Applicable,8178,0.5102320938357874
2015/16,IGNITION_POWER,Electric,6816,0.42525580234589466
2015/16,IGNITION_POWER,Gas,1034,0.06451210381831794
2016/17,IGNITION_POWER,Other/ Not known/ Not Applicable,8302,0.5230594758064516
2016/17,IGNITION_POWER,Electric,6609,0.4163936491935484
2016/17,IGNITION_POWER,Gas,961,0.060546875
2017/18,IGNITION_POWER,Other/ Not known/ Not Applicable,8273,0.5296075795403623
2017/18,IGNITION_POWER,Electric,6402,0.4098329172268101
2017/18,IGNITION_POWER,Gas,946,0.060559503232827605
2018/19,IGNITION_POWER,Other/ Not known/ Not Applicable,7881,0.5241769205187895
2018/19,IGNITION_POWER,Electric,6267,0.4168274027269704
2018/19,IGNITION_POWER,Gas,887,0.058995676754240105
2019/20,IGNITION_POWER,Other/ Not known/ Not Applicable,7453,0.5200251186156852
2019/20,IGNITION_POWER,Electric,6065,0.42317890036282446
2019/20,IGNITION_POWER,Gas,814,0.056795981021490374
2020/21,IGNITION_POWER,Other/ Not known/ Not Applicable,6768,0.5675947668567595
2020/21,IGNITION_POWER,Electric,4553,0.3818349547131835
2020/21,IGNITION_POWER,Gas,603,0.05057027843005703
2021/22,IGNITION_POWER,Other/ Not known/ Not Applicable,6871,0.5304153157325923
2021/22,IGNITION_POWER,Electric,5350,0.41299984560753433
2021/22,IGNITION_POWER,Gas,733,0.0565848386598734
2022/23,IGNITION_POWER,Other/ Not known/ Not Applicable,7586,0.558697893651495
2022/23,IGNITION_POWER,Electric,5282,0.38901163647076153
2022/23,IGNITION_POWER,Gas,710,0.05229046987774341
2023/24,IGNITION_POWER,Other/ Not known/ Not Applicable,7322,0.5505263157894736
2023/24,IGNITION_POWER,Electric,5294,0.39804511278195487
2023/24,IGNITION_POWER,Gas,684,0.05142857142857143
2024/25,IGNITION_POWER,Other/ Not known/ Not Applicable,7510,0.5692412643068294
2024/25,IGNITION_POWER,Electric,5050,0.38277874630485864
2024/25,IGNITION_POWER,Gas,633,0.04797998938831198
2025/26,IGNITION_POWER,Other/ Not known/ Not Applicable,7690,0.5621755976314058
2025/26,IGNITION_POWER,Electric,5379,0.3932304993055048
2025/26,IGNITION_POWER,Gas,610,0.044593903063089406
2010/11,OCCUPIED_NORMAL,Occupied,15048,0.7249951821160147
2010/11,OCCUPIED_NORMAL,Permanently vacant,4433,0.21357679707072655
2010/11,OCCUPIED_NORMAL,Not known,1079,0.051984968201965694
2010/11,OCCUPIED_NORMAL,Under construction,196,0.00944305261129312
2011/12,OCCUPIED_NORMAL,Occupied,14845,0.7304531811248339
2011/12,OCCUPIED_NORMAL,Permanently vacant,4390,0.2160114156374551
2011/12,OCCUPIED_NORMAL,Not known,881,0.04334989912906559
2011/12,OCCUPIED_NORMAL,Under construction,207,0.010185504108645377
2012/13,OCCUPIED_NORMAL,Occupied,12929,0.7831011508176863
2012/13,OCCUPIED_NORMAL,Permanently vacant,2877,0.1742580254391278
2012/13,OCCUPIED_NORMAL,Not known,557,0.033737129012719566
2012/13,OCCUPIED_NORMAL,Under construction,147,0.008903694730466384
2013/14,OCCUPIED_NORMAL,Occupied,12515,0.7568335752298017
2013/14,OCCUPIED_NORMAL,Permanently vacant,3219,0.19466618287373005
2013/14,OCCUPIED_NORMAL,Not known,625,0.037796323173681666
2013/14,OCCUPIED_NORMAL,Under construction,177,0.010703918722786648
2014/15,OCCUPIED_NORMAL,Occupied,12050,0.7741230887832455
2014/15,OCCUPIED_NORMAL,Permanently vacant,2681,0.17223435693177438
2014/15,OCCUPIED_NORMAL,Not known,674,0.04329949890787614
2014/15,OCCUPIED_NORMAL,Under construction,161,0.010343055377103944
2015/16,OCCUPIED_NORMAL,Occupied,12354,0.7707761417519341
2015/16,OCCUPIED_NORMAL,Permanently vacant,2873,0.17924881457449462
2015/16,OCCUPIED_NORMAL,Not known,610,0.03805839780384328
2015/16,OCCUPIED_NORMAL,Under construction,191,0.011916645869727975
2016/17,OCCUPIED_NORMAL,Occupied,12379,0.7799269153225806
2016/17,OCCUPIED_NORMAL,Permanently vacant,2742,0.1727570564516129
2016/17,OCCUPIED_NORMAL,Not known,601,0.037865423387096774
2016/17,OCCUPIED_NORMAL,Under construction,150,0.009450604838709678
2017/18,OCCUPIED_NORMAL,Occupied,11974,0.7665322322514564
2017/18,OCCUPIED_NORMAL,Permanently vacant,2845,0.18212662441585045
2017/18,OCCUPIED_NORMAL,Not known,599,0.038345816529031435
2017/18,OCCUPIED_NORMAL,Under construction,203,0.012995326803661738
2018/19,OCCUPIED_NORMAL,Occupied,11432,0.7603591619554373
2018/19,OCCUPIED_NORMAL,Permanently vacant,2842,0.18902560691719322
2018/19,OCCUPIED_NORMAL,Not known,595,0.03957432657133356
2018/19,OCCUPIED_NORMAL,Under construction,166,0.011040904556035916
2019/20,OCCUPIED_NORMAL,Occupied,10862,0.7578844543678481
2019/20,OCCUPIED_NORMAL,Permanently vacant,2653,0.18511024281328495
2019/20,OCCUPIED_NORMAL,Not known,658,0.045911247557912364
2019/20,OCCUPIED_NORMAL,Under construction,159,0.011094055260954508
2020/21,OCCUPIED_NORMAL,Occupied,8457,0.7092418651459241
2020/21,OCCUPIED_NORMAL,Permanently vacant,2666,0.22358269037235826
2020/21,OCCUPIED_NORMAL,Not known,651,0.054595773230459575
2020/21,OCCUPIED_NORMAL,Under construction,150,0.012579671251257966
2021/22,OCCUPIED_NORMAL,Occupied,9831,0.7589161648911533
2021/22,OCCUPIED_NORMAL,Permanently vacant,2333,0.18009881117801452
2021/22,OCCUPIED_NORMAL,Not known,617,0.04763007565230817
2021/22,OCCUPIED_NORMAL,Under construction,173,0.013354948278524008
2022/23,OCCUPIED_NORMAL,Occupied,10000,0.7364854912358226
2022/23,OCCUPIED_NORMAL,Permanently vacant,2716,0.20002945941964942
2022/23,OCCUPIED_NORMAL,Not known,719,0.05295330681985565
2022/23,OCCUPIED_NORMAL,Under construction,143,0.010531742524672264
2023/24,OCCUPIED_NORMAL,Occupied,10293,0.7739097744360902
2023/24,OCCUPIED_NORMAL,Permanently vacant,2212,0.16631578947368422
2023/24,OCCUPIED_NORMAL,Not known,647,0.04864661654135338
2023/24,OCCUPIED_NORMAL,Under construction,148,0.011127819548872181
2024/25,OCCUPIED_NORMAL,Occupied,10104,0.7658606836958993
2024/25,OCCUPIED_NORMAL,Permanently vacant,2241,0.16986280603350262
2024/25,OCCUPIED_NORMAL,Not known,689,0.052224664594860915
2024/25,OCCUPIED_NORMAL,Under construction,159,0.012051845675737133
2025/26,OCCUPIED_NORMAL,Occupied,10429,0.7624095328605892
2025/26,OCCUPIED_NORMAL,Permanently vacant,2372,0.17340448863220995
2025/26,OCCUPIED_NORMAL,Not known,693,0.05066159807003436
2025/26,OCCUPIED_NORMAL,Under construction,185,0.01352438043716646
2010/11,OCCUPIED_TIME,yes,11263,0.5426382732703796
2010/11,OCCUPIED_TIME,no,9008,0.43399498940065523
2010/11,OCCUPIED_TIME,Not known,485,0.023366737328965118
2011/12,OCCUPIED_TIME,yes,10739,0.5284160803031048
2011/12,OCCUPIED_TIME,no,9170,0.4512129114796044
2011/12,OCCUPIED_TIME,Not known,414,0.020371008217290754
2012/13,OCCUPIED_TIME,yes,9826,0.5951544518473653
2012/13,OCCUPIED_TIME,no,6348,0.3844942459115687
2012/13,OCCUPIED_TIME,Not known,336,0.02035130224106602
2013/14,OCCUPIED_TIME,yes,9485,0.5735970004837929
2013/14,OCCUPIED_TIME,no,6707,0.40559990324141265
2013/14,OCCUPIED_TIME,Not known,344,0.02080309627479439
2014/15,OCCUPIED_TIME,yes,9212,0.5918026467942953
2014/15,OCCUPIED_TIME,no,6037,0.3878324553514069
2014/15,OCCUPIED_TIME,Not known,317,0.02036489785429783
2015/16,OCCUPIED_TIME,yes,9476,0.59121537309708
2015/16,OCCUPIED_TIME,no,6206,0.3871974045420514
2015/16,OCCUPIED_TIME,Not known,346,0.02158722236086848
2016/17,OCCUPIED_TIME,yes,9402,0.5923639112903226
2016/17,OCCUPIED_TIME,no,6214,0.3915070564516129
2016/17,OCCUPIED_TIME,Not known,256,0.016129032258064516
2017/18,OCCUPIED_TIME,yes,9085,0.5815888867550093
2017/18,OCCUPIED_TIME,no,6248,0.39997439344472185
2017/18,OCCUPIED_TIME,Not known,288,0.01843671980026887
2018/19,OCCUPIED_TIME,yes,8378,0.5572331227136681
2018/19,OCCUPIED_TIME,no,6404,0.4259394745593615
2018/19,OCCUPIED_TIME,Not known,253,0.016827402726970402
2019/20,OCCUPIED_TIME,yes,8145,0.5683086798771979
2019/20,OCCUPIED_TIME,no,5925,0.41341054981858777
2019/20,OCCUPIED_TIME,Not known,262,0.018280770304214346
2020/21,OCCUPIED_TIME,no,5949,0.498909761824891
2020/21,OCCUPIED_TIME,yes,5735,0.4809627641730963
2020/21,OCCUPIED_TIME,Not known,240,0.020127474002012747
2021/22,OCCUPIED_TIME,yes,7128,0.5502547475683187
2021/22,OCCUPIED_TIME,no,5555,0.42882507333642117
2021/22,OCCUPIED_TIME,Not known,271,0.02092017909526015
2022/23,OCCUPIED_TIME,yes,7353,0.5415377817057004
2022/23,OCCUPIED_TIME,no,5899,0.4344527912800118
2022/23,OCCUPIED_TIME,Not known,326,0.024009427014287817
2023/24,OCCUPIED_TIME,yes,7864,0.5912781954887218
2023/24,OCCUPIED_TIME,no,5155,0.387593984962406
2023/24,OCCUPIED_TIME,Not known,281,0.02112781954887218
2024/25,OCCUPIED_TIME,yes,7897,0.5985750018949443
2024/25,OCCUPIED_TIME,no,5025,0.38088380201622074
2024/25,OCCUPIED_TIME,Not known,271,0.02054119608883499
2025/26,OCCUPIED_TIME,yes,7775,0.5683895021565903
2025/26,OCCUPIED_TIME,no,5592,0.40880181299802615
2025/26,OCCUPIED_TIME,Not known,312,0.022808684845383436
2010/11,RESPONSE_TIME,5 to 6,3245,0.15634033532472538
2010/11,RESPONSE_TIME,6 to 7,3211,0.15470225476970514
2010/11,RESPONSE_TIME,10 to 15,3077,0.14824629022933128
2010/11,RESPONSE_TIME,7 to 8,2701,0.13013104644440163
2010/11,RESPONSE_TIME,4 to 5,2530,0.1218924648294469
2010/11,RESPONSE_TIME,8 to 9,2022,0.09741761418385045
2010/11,RESPONSE_TIME,9 to 10,1467,0.0706783580651378
2010/11,RESPONSE_TIME,3 to 4,1027,0.049479668529581806
2010/11,RESPONSE_TIME,15 to 20,741,0.03570052033147042
2010/11,RESPONSE_TIME,20 to 60,301,0.014501830795914434
2010/11,RESPONSE_TIME,2 to 3,266,0.012815571401040664
2010/11,RESPONSE_TIME,Not known,102,0.004914241665060705
2010/11,RESPONSE_TIME,1 to 2,66,0.0031798034303333975
2011/12,RESPONSE_TIME,5 to 6,3387,0.1666584657776903
2011/12,RESPONSE_TIME,6 to 7,3149,0.15494759631944102
2011/12,RESPONSE_TIME,10 to 15,3010,0.1481080549131526
2011/12,RESPONSE_TIME,7 to 8,2656,0.13068936672735323
2011/12,RESPONSE_TIME,4 to 5,2342,0.11523889189588152
2011/12,RESPONSE_TIME,8 to 9,1902,0.09358854499827782
2011/12,RESPONSE_TIME,9 to 10,1409,0.06933031540619003
2011/12,RESPONSE_TIME,3 to 4,1010,0.04969738719677213
2011/12,RESPONSE_TIME,15 to 20,710,0.03493578703931506
2011/12,RESPONSE_TIME,20 to 60,273,0.013433056143285932
2011/12,RESPONSE_TIME,2 to 3,237,0.011661664124391085
2011/12,RESPONSE_TIME,Not known,161,0.007922058751168626
2011/12,RESPONSE_TIME,1 to 2,77,0.0037888107070806476
2012/13,RESPONSE_TIME,5 to 6,2695,0.16323440339188372
2012/13,RESPONSE_TIME,6 to 7,2570,0.1556632344033919
2012/13,RESPONSE_TIME,10 to 15,2534,0.15348273773470625
2012/13,RESPONSE_TIME,7 to 8,2102,0.1273167777104785
2012/13,RESPONSE_TIME,4 to 5,1967,0.11913991520290733
2012/13,RESPONSE_TIME,8 to 9,1544,0.093519079345851
2012/13,RESPONSE_TIME,9 to 10,1118,0.06771653543307087
2012/13,RESPONSE_TIME,3 to 4,838,0.05075711689884918
2012/13,RESPONSE_TIME,15 to 20,600,0.03634161114476075
2012/13,RESPONSE_TIME,20 to 60,200,0.012113870381586917
2012/13,RESPONSE_TIME,2 to 3,175,0.010599636583888553
2012/13,RESPONSE_TIME,Not known,93,0.005632949727437916
2012/13,RESPONSE_TIME,1 to 2,74,0.004482132041187159
2013/14,RESPONSE_TIME,10 to 15,2724,0.16473149492017417
2013/14,RESPONSE_TIME,5 to 6,2553,0.15439042089985486
2013/14,RESPONSE_TIME,6 to 7,2507,0.15160861151427188
2013/14,RESPONSE_TIME,7 to 8,2134,0.12905176584421868
2013/14,RESPONSE_TIME,4 to 5,1819,0.11000241896468312
2013/14,RESPONSE_TIME,8 to 9,1531,0.0925858732462506
2013/14,RESPONSE_TIME,9 to 10,1215,0.07347605224963716
2013/14,RESPONSE_TIME,3 to 4,788,0.04765360425737784
2013/14,RESPONSE_TIME,15 to 20,661,0.03997339138848573
2013/14,RESPONSE_TIME,20 to 60,274,0.01656990807934204
2013/14,RESPONSE_TIME,2 to 3,183,0.011066763425253992
2013/14,RESPONSE_TIME,Not known,98,0.005926463473633285
2013/14,RESPONSE_TIME,1 to 2,49,0.0029632317368166426
2014/15,RESPONSE_TIME,10 to 15,2780,0.17859437234999356
2014/15,RESPONSE_TIME,6 to 7,2343,0.1505203648978543
2014/15,RESPONSE_TIME,5 to 6,2198,0.14120519080046254
2014/15,RESPONSE_TIME,7 to 8,2110,0.1355518437620455
2014/15,RESPONSE_TIME,8 to 9,1565,0.1005396376718489
2014/15,RESPONSE_TIME,4 to 5,1471,0.09450083515353977
2014/15,RESPONSE_TIME,9 to 10,1163,0.07471412051908005
2014/15,RESPONSE_TIME,15 to 20,755,0.04850314788641912
2014/15,RESPONSE_TIME,3 to 4,540,0.03469099319028652
2014/15,RESPONSE_TIME,20 to 60,332,0.02132853655402801
2014/15,RESPONSE_TIME,2 to 3,136,0.008736990877553643
2014/15,RESPONSE_TIME,Not known,126,0.008094565077733522
2014/15,RESPONSE_TIME,1 to 2,47,0.0030194012591545677
2015/16,RESPONSE_TIME,10 to 15,3038,0.18954329922635388
2015/16,RESPONSE_TIME,6 to 7,2438,0.15210880958322934
2015/16,RESPONSE_TIME,5 to 6,2346,0.14636885450461692
2015/16,RESPONSE_TIME,7 to 8,2138,0.13339156476166708
2015/16,RESPONSE_TIME,8 to 9,1668,0.1040678812078862
2015/16,RESPONSE_TIME,4 to 5,1354,0.0844771649613177
2015/16,RESPONSE_TIME,9 to 10,1195,0.0745570252058897
2015/16,RESPONSE_TIME,15 to 20,749,0.04673072123783379
2015/16,RESPONSE_TIME,3 to 4,561,0.03500124781632144
2015/16,RESPONSE_TIME,20 to 60,280,0.01746942850012478
2015/16,RESPONSE_TIME,2 to 3,136,0.008485150985774894
2015/16,RESPONSE_TIME,Not known,74,0.004616920389318692
2015/16,RESPONSE_TIME,1 to 2,51,0.003181931619665585
2016/17,RESPONSE_TIME,10 to 15,2960,0.18649193548387097
2016/17,RESPONSE_TIME,6 to 7,2427,0.1529107862903226
2016/17,RESPONSE_TIME,5 to 6,2170,0.13671875
2016/17,RESPONSE_TIME,7 to 8,2120,0.13356854838709678
2016/17,RESPONSE_TIME,8 to 9,1616,0.10181451612903226
2016/17,RESPONSE_TIME,4 to 5,1455,0.09167086693548387
2016/17,RESPONSE_TIME,9 to 10,1240,0.078125
2016/17,RESPONSE_TIME,15 to 20,815,0.05134828629032258
2016/17,RESPONSE_TIME,3 to 4,523,0.03295110887096774
2016/17,RESPONSE_TIME,20 to 60,301,0.018964213709677418
2016/17,RESPONSE_TIME,2 to 3,135,0.008505544354838709
2016/17,RESPONSE_TIME,Not known,67,0.004221270161290322
2016/17,RESPONSE_TIME,1 to 2,43,0.0027091733870967744
2017/18,RESPONSE_TIME,10 to 15,2913,0.18647973881313618
2017/18,RESPONSE_TIME,6 to 7,2368,0.15159080724665513
2017/18,RESPONSE_TIME,5 to 6,2159,0.13821138211382114
2017/18,RESPONSE_TIME,7 to 8,2051,0.13129761218872033
2017/18,RESPONSE_TIME,8 to 9,1654,0.10588310607515523
2017/18,RESPONSE_TIME,4 to 5,1433,0.0917354842839767
2017/18,RESPONSE_TIME,9 to 10,1200,0.07681966583445363
2017/18,RESPONSE_TIME,15 to 20,765,0.04897253696946418
2017/18,RESPONSE_TIME,3 to 4,586,0.03751360348249152
2017/18,RESPONSE_TIME,20 to 60,263,0.01683631009538442
2017/18,RESPONSE_TIME,2 to 3,129,0.008258114077203765
2017/18,RESPONSE_TIME,Not known,67,0.004289098009090327
2017/18,RESPONSE_TIME,1 to 2,33,0.0021125408104474747
2018/19,RESPONSE_TIME,10 to 15,2901,0.192949783837712
2018/19,RESPONSE_TIME,6 to 7,2297,0.15277685400731625
2018/19,RESPONSE_TIME,5 to 6,2054,0.1366145660126372
2018/19,RESPONSE_TIME,7 to 8,1931,0.12843365480545393
2018/19,RESPONSE_TIME,8 to 9,1483,0.0986365147988028
2018/19,RESPONSE_TIME,4 to 5,1343,0.08932490854672431
2018/19,RESPONSE_TIME,9 to 10,1182,0.07861656135683405
2018/19,RESPONSE_TIME,15 to 20,846,0.05626870635184569
2018/19,RESPONSE_TIME,3 to 4,533,0.03545061523112737
2018/19,RESPONSE_TIME,20 to 60,271,0.01802460924509478
2018/19,RESPONSE_TIME,2 to 3,107,0.0071167276355171265
2018/19,RESPONSE_TIME,Not known,55,0.0036581310276022614
2018/19,RESPONSE_TIME,1 to 2,32,0.002128367143332225
2019/20,RESPONSE_TIME,10 to 15,2823,0.19697181133128663
2019/20,RESPONSE_TIME,6 to 7,2128,0.14847892827239742
2019/20,RESPONSE_TIME,5 to 6,1932,0.13480323751046608
2019/20,RESPONSE_TIME,7 to 8,1842,0.1285235835891711
2019/20,RESPONSE_TIME,8 to 9,1468,0.10242813284956741
2019/20,RESPONSE_TIME,4 to 5,1276,0.08903153781747139
2019/20,RESPONSE_TIME,9 to 10,1095,0.07640245604242255
2019/20,RESPONSE_TIME,15 to 20,789,0.05505163271001954
2019/20,RESPONSE_TIME,3 to 4,499,0.03481719229695786
2019/20,RESPONSE_TIME,20 to 60,275,0.01918783142617918
2019/20,RESPONSE_TIME,2 to 3,119,0.008303097962601173
2019/20,RESPONSE_TIME,Not known,53,0.003698018420318169
2019/20,RESPONSE_TIME,1 to 2,33,0.0023025397711415015
2020/21,RESPONSE_TIME,10 to 15,2286,0.1917141898691714
2020/21,RESPONSE_TIME,6 to 7,1883,0.15791680644079167
2020/21,RESPONSE_TIME,5 to 6,1682,0.141060046964106
2020/21,RESPONSE_TIME,7 to 8,1520,0.1274740020127474
2020/21,RESPONSE_TIME,8 to 9,1195,0.1002180476350218
2020/21,RESPONSE_TIME,4 to 5,1021,0.08562562898356256
2020/21,RESPONSE_TIME,9 to 10,887,0.07438778933243878
2020/21,RESPONSE_TIME,15 to 20,651,0.054595773230459575
2020/21,RESPONSE_TIME,3 to 4,408,0.03421670580342167
2020/21,RESPONSE_TIME,20 to 60,236,0.019792016101979202
2020/21,RESPONSE_TIME,2 to 3,92,0.007715531700771553
2020/21,RESPONSE_TIME,Not known,37,0.0031029855753102985
2020/21,RESPONSE_TIME,1 to 2,26,0.0021804763502180475
2021/22,RESPONSE_TIME,10 to 15,2495,0.1926046008954763
2021/22,RESPONSE_TIME,6 to 7,1874,0.1446657403118728
2021/22,RESPONSE_TIME,5 to 6,1723,0.1330091091554732
2021/22,RESPONSE_TIME,7 to 8,1592,0.12289640265555041
2021/22,RESPONSE_TIME,8 to 9,1327,0.10243940095723329
2021/22,RESPONSE_TIME,4 to 5,1135,0.08761772425505636
2021/22,RESPONSE_TIME,9 to 10,1006,0.07765941022078122
2021/22,RESPONSE_TIME,15 to 20,847,0.06538520920179096
2021/22,RESPONSE_TIME,3 to 4,442,0.03412073490813648
2021/22,RESPONSE_TIME,20 to 60,317,0.024471205805156708
2021/22,RESPONSE_TIME,2 to 3,129,0.009958314034275127
2021/22,RESPONSE_TIME,Not known,35,0.002701868148834337
2021/22,RESPONSE_TIME,1 to 2,32,0.0024702794503628223
2022/23,RESPONSE_TIME,10 to 15,2667,0.1964206805125939
2022/23,RESPONSE_TIME,6 to 7,1894,0.13949035204006482
2022/23,RESPONSE_TIME,5 to 6,1775,0.13072617469435852
2022/23,RESPONSE_TIME,7 to 8,1689,0.12439239946973045
2022/23,RESPONSE_TIME,8 to 9,1382,0.10178229488879069
2022/23,RESPONSE_TIME,4 to 5,1130,0.08322286050964796
2022/23,RESPONSE_TIME,9 to 10,1096,0.08071880983944617
2022/23,RESPONSE_TIME,15 to 20,955,0.07033436441302106
2022/23,RESPONSE_TIME,3 to 4,450,0.03314184710561202
2022/23,RESPONSE_TIME,20 to 60,352,0.02592428929150096
2022/23,RESPONSE_TIME,2 to 3,91,0.006702017970245986
2022/23,RESPONSE_TIME,Not known,58,0.004271615849167771
2022/23,RESPONSE_TIME,1 to 2,39,0.0028722934158197082
2023/24,RESPONSE_TIME,10 to 15,2770,0.20827067669172933
2023/24,RESPONSE_TIME,6 to 7,1902,0.14300751879699247
2023/24,RESPONSE_TIME,7 to 8,1700,0.12781954887218044
2023/24,RESPONSE_TIME,5 to 6,1675,0.12593984962406016
2023/24,RESPONSE_TIME,8 to 9,1341,0.10082706766917293
2023/24,RESPONSE_TIME,9 to 10,1065,0.08007518796992481
2023/24,RESPONSE_TIME,4 to 5,1005,0.0755639097744361
2023/24,RESPONSE_TIME,15 to 20,957,0.07195488721804512
2023/24,RESPONSE_TIME,3 to 4,363,0.02729323308270677
2023/24,RESPONSE_TIME,20 to 60,345,0.02593984962406015
2023/24,RESPONSE_TIME,2 to 3,86,0.006466165413533834
2023/24,RESPONSE_TIME,Not known,58,0.004360902255639097
2023/24,RESPONSE_TIME,1 to 2,33,0.002481203007518797
2024/25,RESPONSE_TIME,10 to 15,2777,0.2104904115818995
2024/25,RESPONSE_TIME,6 to 7,1842,0.1396194951868415
2024/25,RESPONSE_TIME,7 to 8,1643,0.12453573864928372
2024/25,RESPONSE_TIME,5 to 6,1619,0.12271659213219131
2024/25,RESPONSE_TIME,8 to 9,1357,0.10285757598726597
2024/25,RESPONSE_TIME,9 to 10,1098,0.08322595315697719
2024/25,RESPONSE_TIME,4 to 5,1029,0.07799590692033655
2024/25,RESPONSE_TIME,15 to 20,945,0.07162889411051315
2024/25,RESPONSE_TIME,3 to 4,351,0.026605017812476314
2024/25,RESPONSE_TIME,20 to 60,324,0.024558477980747367
2024/25,RESPONSE_TIME,2 to 3,96,0.00727658606836959
2024/25,RESPONSE_TIME,Not known,78,0.005912226180550292
2024/25,RESPONSE_TIME,1 to 2,34,0.002577124232547563
2025/26,RESPONSE_TIME,10 to 15,2968,0.2169749250676219
2025/26,RESPONSE_TIME,6 to 7,1838,0.13436654726222677
2025/26,RESPONSE_TIME,7 to 8,1716,0.12544776664960888
2025/26,RESPONSE_TIME,5 to 6,1606,0.11740624314642883
2025/26,RESPONSE_TIME,8 to 9,1384,0.10117698662182908
2025/26,RESPONSE_TIME,9 to 10,1138,0.08319321587835368
2025/26,RESPONSE_TIME,15 to 20,1034,0.07559032092989254
2025/26,RESPONSE_TIME,4 to 5,1027,0.07507858761605381
2025/26,RESPONSE_TIME,3 to 4,404,0.029534322684406755
2025/26,RESPONSE_TIME,20 to 60,390,0.028510856056729292
2025/26,RESPONSE_TIME,2 to 3,93,0.006798742598143139
2025/26,RESPONSE_TIME,1 to 2,41,0.002997295123912567
2025/26,RESPONSE_TIME,Not known,40,0.002924190364792748
2010/11,SAFETY_SYSTEM,No Safety System,20002,0.9636731547504336
2010/11,SAFETY_SYSTEM,Sprinklers present but did not operate,293,0.014116400077086144
2010/11,SAFETY_SYSTEM,Other System present and raised the alarm,154,0.007419541337444594
2010/11,SAFETY_SYSTEM,Other System present but did not operate,122,0.005877818462131432
2010/11,SAFETY_SYSTEM,Sprinklers present and raised the alarm,110,0.005299672383888996
2010/11,SAFETY_SYSTEM,Other System operated but did not raise alarm,45,0.0021680477934091346
2010/11,SAFETY_SYSTEM,Sprinklers operated but did not raise alarm,30,0.0014453651956060898
2011/12,SAFETY_SYSTEM,No Safety System,19639,0.9663435516409978
2011/12,SAFETY_SYSTEM,Sprinklers present but did not operate,268,0.013187029473994982
2011/12,SAFETY_SYSTEM,Other System present and raised the alarm,140,0.006888746740146632
2011/12,SAFETY_SYSTEM,Other System present but did not operate,107,0.005264970722826354
2011/12,SAFETY_SYSTEM,Sprinklers present and raised the alarm,105,0.005166560055109974
2011/12,SAFETY_SYSTEM,Other System operated but did not raise alarm,40,0.0019682133543276093
2011/12,SAFETY_SYSTEM,Sprinklers operated but did not raise alarm,24,0.0011809280125965654
2012/13,SAFETY_SYSTEM,No Safety System,15897,0.9628709872804361
2012/13,SAFETY_SYSTEM,Sprinklers present but did not operate,216,0.01308298001211387
2012/13,SAFETY_SYSTEM,Other System present and raised the alarm,150,0.009085402786190187
2012/13,SAFETY_SYSTEM,Other System present but did not operate,96,0.00581465778316172
2012/13,SAFETY_SYSTEM,Sprinklers present and raised the alarm,96,0.00581465778316172
2012/13,SAFETY_SYSTEM,Other System operated but did not raise alarm,41,0.002483343428225318
2012/13,SAFETY_SYSTEM,Sprinklers operated but did not raise alarm,14,0.0008479709267110841
2013/14,SAFETY_SYSTEM,No Safety System,15915,0.9624455732946299
2013/14,SAFETY_SYSTEM,Sprinklers present but did not operate,229,0.013848572810836962
2013/14,SAFETY_SYSTEM,Other System present and raised the alarm,139,0.008405902273826801
2013/14,SAFETY_SYSTEM,Other System present but did not operate,100,0.006047411707789066
2013/14,SAFETY_SYSTEM,Sprinklers present and raised the alarm,95,0.005745041122399613
2013/14,SAFETY_SYSTEM,Other System operated but did not raise alarm,33,0.0019956458635703917
2013/14,SAFETY_SYSTEM,Sprinklers operated but did not raise alarm,25,0.0015118529269472665
2014/15,SAFETY_SYSTEM,No Safety System,14941,0.9598483875112425
2014/15,SAFETY_SYSTEM,Sprinklers present but did not operate,213,0.013683669536168572
2014/15,SAFETY_SYSTEM,Other System present and raised the alarm,156,0.010021842477193885
2014/15,SAFETY_SYSTEM,Other System present but did not operate,104,0.0066812283181292564
2014/15,SAFETY_SYSTEM,Sprinklers present and raised the alarm,100,0.0064242579982012075
2014/15,SAFETY_SYSTEM,Other System operated but did not raise alarm,37,0.0023769754593344467
2014/15,SAFETY_SYSTEM,Sprinklers operated but did not raise alarm,15,0.0009636386997301812
2015/16,SAFETY_SYSTEM,No Safety System,15346,0.9574494634389817
2015/16,SAFETY_SYSTEM,Other System present and raised the alarm,210,0.013102071375093586
2015/16,SAFETY_SYSTEM,Sprinklers present but did not operate,197,0.012290990766159221
2015/16,SAFETY_SYSTEM,Other System present but did not operate,117,0.0072997254804092835
2015/16,SAFETY_SYSTEM,Sprinklers present and raised the alarm,91,0.005677564262540554
2015/16,SAFETY_SYSTEM,Other System operated but did not raise alarm,45,0.00280758672323434
2015/16,SAFETY_SYSTEM,Sprinklers operated but did not raise alarm,22,0.0013725979535812328
2016/17,SAFETY_SYSTEM,No Safety System,15208,0.9581653225806451
2016/17,SAFETY_SYSTEM,Other System present and raised the alarm,209,0.013167842741935484
2016/17,SAFETY_SYSTEM,Sprinklers present but did not operate,201,0.012663810483870967
2016/17,SAFETY_SYSTEM,Other System present but did not operate,98,0.006174395161290322
2016/17,SAFETY_SYSTEM,Sprinklers present and raised the alarm,94,0.0059223790322580645
2016/17,SAFETY_SYSTEM,Other System operated but did not raise alarm,44,0.002772177419354839
2016/17,SAFETY_SYSTEM,Sprinklers operated but did not raise alarm,18,0.0011340725806451614
2017/18,SAFETY_SYSTEM,No Safety System,14992,0.9597336918251073
2017/18,SAFETY_SYSTEM,Sprinklers present but did not operate,186,0.011907048204340312
2017/18,SAFETY_SYSTEM,Other System present and raised the alarm,177,0.011330900710581909
2017/18,SAFETY_SYSTEM,Other System present but did not operate,107,0.006849753536905448
2017/18,SAFETY_SYSTEM,Sprinklers present and raised the alarm,102,0.006529671595928557
2017/18,SAFETY_SYSTEM,Other System operated but did not raise alarm,43,0.0027527046924012547
2017/18,SAFETY_SYSTEM,Sprinklers operated but did not raise alarm,14,0.0008962294347352923
2018/19,SAFETY_SYSTEM,No Safety System,14423,0.9592949783837712
2018/19,SAFETY_SYSTEM,Other System present and raised the alarm,190,0.012637179913535085
2018/19,SAFETY_SYSTEM,Sprinklers present but did not operate,173,0.01150648486863984
2018/19,SAFETY_SYSTEM,Other System present but did not operate,94,0.00625207848353841
2018/19,SAFETY_SYSTEM,Sprinklers present and raised the alarm,92,0.006119055537080146
2018/19,SAFETY_SYSTEM,Other System operated but did not raise alarm,41,0.002726970402394413
2018/19,SAFETY_SYSTEM,Sprinklers operated but did not raise alarm,22,0.0014632524110409046
2019/20,SAFETY_SYSTEM,No Safety System,13724,0.9575774490650293
2019/20,SAFETY_SYSTEM,Other System present and raised the alarm,213,0.01486184761373151
2019/20,SAFETY_SYSTEM,Sprinklers present but did not operate,159,0.011094055260954508
2019/20,SAFETY_SYSTEM,Other System present but did not operate,95,0.006628523583589171
2019/20,SAFETY_SYSTEM,Sprinklers present and raised the alarm,95,0.006628523583589171
2019/20,SAFETY_SYSTEM,Other System operated but did not raise alarm,38,0.0026514094334356684
2019/20,SAFETY_SYSTEM,Sprinklers operated but did not raise alarm,8,0.0005581914596706671
2020/21,SAFETY_SYSTEM,No Safety System,11443,0.9596611875209661
2020/21,SAFETY_SYSTEM,Other System present and raised the alarm,164,0.013753773901375378
2020/21,SAFETY_SYSTEM,Sprinklers present but did not operate,121,0.01014760147601476
2020/21,SAFETY_SYSTEM,Other System present but did not operate,77,0.006457564575645757
2020/21,SAFETY_SYSTEM,Sprinklers present and raised the alarm,74,0.006205971150620597
2020/21,SAFETY_SYSTEM,Other System operated but did not raise alarm,38,0.003186850050318685
2020/21,SAFETY_SYSTEM,Sprinklers operated but did not raise alarm,7,0.0005870513250587051
2021/22,SAFETY_SYSTEM,No Safety System,12352,0.9535278678400494
2021/22,SAFETY_SYSTEM,Other System present and raised the alarm,194,0.01497606916782461
2021/22,SAFETY_SYSTEM,Sprinklers present but did not operate,142,0.010961865060985024
2021/22,SAFETY_SYSTEM,Sprinklers present and raised the alarm,102,0.007874015748031496
2021/22,SAFETY_SYSTEM,Other System present but did not operate,94,0.00725644588544079
2021/22,SAFETY_SYSTEM,Other System operated but did not raise alarm,48,0.0037054191755442334
2021/22,SAFETY_SYSTEM,Sprinklers operated but did not raise alarm,22,0.0016983171221244403
2022/23,SAFETY_SYSTEM,No Safety System,12980,0.9559581676240978
2022/23,SAFETY_SYSTEM,Other System present and raised the alarm,215,0.015834438061570186
2022/23,SAFETY_SYSTEM,Sprinklers present but did not operate,134,0.009868905582560024
2022/23,SAFETY_SYSTEM,Sprinklers present and raised the alarm,94,0.006922963617616733
2022/23,SAFETY_SYSTEM,Other System present but did not operate,92,0.006775666519369569
2022/23,SAFETY_SYSTEM,Other System operated but did not raise alarm,49,0.003608778907055531
2022/23,SAFETY_SYSTEM,Sprinklers operated but did not raise alarm,14,0.0010310796877301518
2023/24,SAFETY_SYSTEM,No Safety System,12540,0.9428571428571428
2023/24,SAFETY_SYSTEM,Other System present and raised the alarm,305,0.02293233082706767
2023/24,SAFETY_SYSTEM,Sprinklers present but did not operate,139,0.010451127819548873
2023/24,SAFETY_SYSTEM,Sprinklers present and raised the alarm,106,0.007969924812030075
2023/24,SAFETY_SYSTEM,Other System operated but did not raise alarm,100,0.007518796992481203
2023/24,SAFETY_SYSTEM,Other System present but did not operate,96,0.007218045112781955
2023/24,SAFETY_SYSTEM,Sprinklers operated but did not raise alarm,14,0.0010526315789473684
2024/25,SAFETY_SYSTEM,No Safety System,12445,0.9433032668839536
2024/25,SAFETY_SYSTEM,Other System present and raised the alarm,314,0.0238005002652922
2024/25,SAFETY_SYSTEM,Sprinklers present but did not operate,127,0.009626316986280603
2024/25,SAFETY_SYSTEM,Sprinklers present and raised the alarm,106,0.008034563783824755
2024/25,SAFETY_SYSTEM,Other System operated but did not raise alarm,103,0.007807170469188206
2024/25,SAFETY_SYSTEM,Other System present but did not operate,85,0.006442810581368908
2024/25,SAFETY_SYSTEM,Sprinklers operated but did not raise alarm,13,0.0009853710300917152
2025/26,SAFETY_SYSTEM,No Safety System,12940,0.945975583010454
2025/26,SAFETY_SYSTEM,Other System present and raised the alarm,294,0.021492799181226697
2025/26,SAFETY_SYSTEM,Sprinklers present but did not operate,161,0.011769866218290811
2025/26,SAFETY_SYSTEM,Other System present but did not operate,119,0.008699466335258425
2025/26,SAFETY_SYSTEM,Sprinklers present and raised the alarm,85,0.0062139045251845895
2025/26,SAFETY_SYSTEM,Other System operated but did not raise alarm,70,0.005117333138387309
2025/26,SAFETY_SYSTEM,Sprinklers operated but did not raise alarm,10,0.000731047591198187
2010/11,SOURCE_OF_IGNITION,Unspecified,2629,0.126662169974947
2010/11,SOURCE_OF_IGNITION,"Naked flame - Lighted paper, card or other naked flame",2114,0.1018500674503758
2010/11,SOURCE_OF_IGNITION,"Wiring, cabling, plugs",2017,0.09717671998458277
2010/11,SOURCE_OF_IGNITION,Matches,1295,0.062391597610329544
2010/11,SOURCE_OF_IGNITION,Smoking materials,1079,0.051984968201965694
2010/11,SOURCE_OF_IGNITION,Fluorescent lights,1042,0.05020235112738485
2010/11,SOURCE_OF_IGNITION,Cooker incl. oven,1034,0.049816920408556564
2010/11,SOURCE_OF_IGNITION,Spread from secondary fire,951,0.04581807670071305
2010/11,SOURCE_OF_IGNITION,Cigarette lighters,726,0.034977837733667375
2010/11,SOURCE_OF_IGNITION,Other industrial equipment,575,0.027702832915783387
2010/11,SOURCE_OF_IGNITION,"Apparatus - batteries, generators",544,0.026209288880323763
2010/11,SOURCE_OF_IGNITION,Other,402,0.019367893621121603
2010/11,SOURCE_OF_IGNITION,Grill/Toaster,396,0.019078820582000385
2010/11,SOURCE_OF_IGNITION,Deep fat fryer,374,0.018018886105222585
2010/11,SOURCE_OF_IGNITION,Other heating equipment,355,0.017103488148005396
2010/11,SOURCE_OF_IGNITION,Microwave oven,335,0.01613991135093467
2010/11,SOURCE_OF_IGNITION,Heater/Fire,329,0.015850838311813453
2010/11,SOURCE_OF_IGNITION,Welding/Cutting equipment,318,0.015320871073424553
2010/11,SOURCE_OF_IGNITION,Ring/hot plate (separate appliance),316,0.015224513393717479
2010/11,SOURCE_OF_IGNITION,Other lights,281,0.013538253998843707
2010/11,SOURCE_OF_IGNITION,Manufacturing equipment,247,0.011900173443823473
2010/11,SOURCE_OF_IGNITION,Tumble dryer,233,0.011225669685873964
2010/11,SOURCE_OF_IGNITION,Other appliance or equipment,199,0.00958758913085373
2010/11,SOURCE_OF_IGNITION,Other cooking appliance,184,0.008864906533050684
2010/11,SOURCE_OF_IGNITION,"Kiln, oven, furnace",178,0.008575833493929466
2010/11,SOURCE_OF_IGNITION,Liquids; petrol/oil related,174,0.008383118134515321
2010/11,SOURCE_OF_IGNITION,Spot lights,171,0.008238581614954712
2010/11,SOURCE_OF_IGNITION,Industrial dryer,160,0.007708614376565812
2010/11,SOURCE_OF_IGNITION,Natural occurrence,159,0.007660435536712276
2010/11,SOURCE_OF_IGNITION,Candles,145,0.006985931778762768
2010/11,SOURCE_OF_IGNITION,Fridge/Freezer,143,0.006889574099055695
2010/11,SOURCE_OF_IGNITION,"Solids; coal, coke, wood, card",117,0.0056369242628637505
2010/11,SOURCE_OF_IGNITION,Other incandescent light bulbs,107,0.0051551358643283866
2010/11,SOURCE_OF_IGNITION,Extractor fan,102,0.004914241665060705
2010/11,SOURCE_OF_IGNITION,Fireworks ,101,0.004866062825207169
2010/11,SOURCE_OF_IGNITION,Central heating/Hot water,91,0.004384274426671806
2010/11,SOURCE_OF_IGNITION,Barbecue,84,0.004047022547697052
2010/11,SOURCE_OF_IGNITION,Dishwasher,73,0.003517055309308152
2010/11,SOURCE_OF_IGNITION,Other domestic style appliance,72,0.0034688764694546155
2010/11,SOURCE_OF_IGNITION,Blow lamp/Paint remover,62,0.0029870880709192524
2010/11,SOURCE_OF_IGNITION,Vehicle - Electrical fault,55,0.002649836191944498
2010/11,SOURCE_OF_IGNITION,Heating equipment - Power Source,52,0.002505299672383889
2010/11,SOURCE_OF_IGNITION,Gases,51,0.0024571208325303525
2010/11,SOURCE_OF_IGNITION,Flammable chemicals,49,0.00236076315282328
2010/11,SOURCE_OF_IGNITION,Washing machine,48,0.0023125843129697438
2010/11,SOURCE_OF_IGNITION,Industrial lift,47,0.0022644054731162074
2010/11,SOURCE_OF_IGNITION,Other computer equipment,41,0.0019753324339949895
2010/11,SOURCE_OF_IGNITION,Wet hay,41,0.0019753324339949895
2010/11,SOURCE_OF_IGNITION,Chimney Fires,35,0.0016862593948737713
2010/11,SOURCE_OF_IGNITION,Separate water heating,29,0.0013971863557525534
2010/11,SOURCE_OF_IGNITION,Personal Computer,27,0.0013008286760454808
2010/11,SOURCE_OF_IGNITION,Intentional burning - out of control,22,0.001059934476777799
2010/11,SOURCE_OF_IGNITION,"Vehicle - Engine, fuel line or pump",22,0.001059934476777799
2010/11,SOURCE_OF_IGNITION,Domestic style gardening appliance,21,0.001011755636924263
2010/11,SOURCE_OF_IGNITION,Vending equipment,21,0.001011755636924263
2010/11,SOURCE_OF_IGNITION,Camping stove,19,0.0009153979572171903
2010/11,SOURCE_OF_IGNITION,Food warming equipment (not cooking),19,0.0009153979572171903
2010/11,SOURCE_OF_IGNITION,Incendiary device,19,0.0009153979572171903
2010/11,SOURCE_OF_IGNITION,TV,18,0.0008672191173636539
2010/11,SOURCE_OF_IGNITION,Vacuum cleaner,18,0.0008672191173636539
2010/11,SOURCE_OF_IGNITION,Vehicle - Unknown,17,0.0008190402775101176
2010/11,SOURCE_OF_IGNITION,Battery charger,16,0.0007708614376565812
2010/11,SOURCE_OF_IGNITION,Hair dryer,16,0.0007708614376565812
2010/11,SOURCE_OF_IGNITION,Oil/Incense burners,15,0.0007226825978030449
2010/11,SOURCE_OF_IGNITION,Audio equipment,13,0.0006263249180959722
2010/11,SOURCE_OF_IGNITION,Washer/Dryer combined,13,0.0006263249180959722
2010/11,SOURCE_OF_IGNITION,Iron,12,0.0005781460782424359
2010/11,SOURCE_OF_IGNITION,Patio equipment,12,0.0005781460782424359
2010/11,SOURCE_OF_IGNITION,Vehicle - Exhausts,12,0.0005781460782424359
2010/11,SOURCE_OF_IGNITION,Spin dryer,11,0.0005299672383888996
2010/11,SOURCE_OF_IGNITION,Copiers/ Printers,10,0.00048178839853536327
2010/11,SOURCE_OF_IGNITION,Electric kettle,10,0.00048178839853536327
2010/11,SOURCE_OF_IGNITION,PC equipment (domestic use),8,0.0003854307188282906
2010/11,SOURCE_OF_IGNITION,Fairy lights,6,0.00028907303912121797
2010/11,SOURCE_OF_IGNITION,Other electrical visual equipment,6,0.00028907303912121797
2010/11,SOURCE_OF_IGNITION,Telephone/Answering machine/Fax machine,3,0.00014453651956060899
2010/11,SOURCE_OF_IGNITION,Vehicle - Other non electrical,3,0.00014453651956060899
2010/11,SOURCE_OF_IGNITION,Bomb/Explosives,2,9.635767970707265e-05
2010/11,SOURCE_OF_IGNITION,Vehicle - Wheels or brakes,2,9.635767970707265e-05
2010/11,SOURCE_OF_IGNITION,Trouser press,1,4.8178839853536324e-05
2011/12,SOURCE_OF_IGNITION,Unspecified,2507,0.1233577719824829
2011/12,SOURCE_OF_IGNITION,"Naked flame - Lighted paper, card or other naked flame",2326,0.11445160655415047
2011/12,SOURCE_OF_IGNITION,"Wiring, cabling, plugs",1898,0.09339172366284505
2011/12,SOURCE_OF_IGNITION,Matches,1321,0.06500024602666929
2011/12,SOURCE_OF_IGNITION,Smoking materials,1153,0.05673374993849333
2011/12,SOURCE_OF_IGNITION,Spread from secondary fire,1042,0.05127195788023422
2011/12,SOURCE_OF_IGNITION,Fluorescent lights,981,0.048270432514884616
2011/12,SOURCE_OF_IGNITION,Cooker incl. oven,928,0.04566254982040053
2011/12,SOURCE_OF_IGNITION,Cigarette lighters,737,0.0362643310534862
2011/12,SOURCE_OF_IGNITION,Other industrial equipment,573,0.028194656300743002
2011/12,SOURCE_OF_IGNITION,"Apparatus - batteries, generators",490,0.02411061359051321
2011/12,SOURCE_OF_IGNITION,Other,421,0.020715445554298086
2011/12,SOURCE_OF_IGNITION,Deep fat fryer,367,0.018058357525955814
2011/12,SOURCE_OF_IGNITION,Welding/Cutting equipment,349,0.01717266151650839
2011/12,SOURCE_OF_IGNITION,Grill/Toaster,322,0.015844117502337253
2011/12,SOURCE_OF_IGNITION,Microwave oven,319,0.015696501500762683
2011/12,SOURCE_OF_IGNITION,Other heating equipment,304,0.01495842149288983
2011/12,SOURCE_OF_IGNITION,Ring/hot plate (separate appliance),266,0.013088618806278601
2011/12,SOURCE_OF_IGNITION,Heater/Fire,253,0.012448949466122128
2011/12,SOURCE_OF_IGNITION,Manufacturing equipment,252,0.012399744132263937
2011/12,SOURCE_OF_IGNITION,Other lights,238,0.011710869458249274
2011/12,SOURCE_OF_IGNITION,Tumble dryer,218,0.01072676278108547
2011/12,SOURCE_OF_IGNITION,Other appliance or equipment,199,0.009791861437779855
2011/12,SOURCE_OF_IGNITION,Other cooking appliance,182,0.008955370762190622
2011/12,SOURCE_OF_IGNITION,Fridge/Freezer,180,0.008856960094474241
2011/12,SOURCE_OF_IGNITION,Spot lights,177,0.00870934409289967
2011/12,SOURCE_OF_IGNITION,Liquids; petrol/oil related,172,0.008463317423608719
2011/12,SOURCE_OF_IGNITION,"Kiln, oven, furnace",162,0.007971264085026818
2011/12,SOURCE_OF_IGNITION,Natural occurrence,157,0.007725237415735866
2011/12,SOURCE_OF_IGNITION,Industrial dryer,143,0.007036362741721203
2011/12,SOURCE_OF_IGNITION,Candles,125,0.006150666732273779
2011/12,SOURCE_OF_IGNITION,"Solids; coal, coke, wood, card",116,0.005707818727550066
2011/12,SOURCE_OF_IGNITION,Other incandescent light bulbs,101,0.004969738719677213
2011/12,SOURCE_OF_IGNITION,Extractor fan,95,0.004674506716528071
2011/12,SOURCE_OF_IGNITION,Barbecue,91,0.004477685381095311
2011/12,SOURCE_OF_IGNITION,Fireworks ,87,0.00428086404566255
2011/12,SOURCE_OF_IGNITION,Other domestic style appliance,72,0.0035427840377896965
2011/12,SOURCE_OF_IGNITION,Central heating/Hot water,71,0.003493578703931506
2011/12,SOURCE_OF_IGNITION,Dishwasher,64,0.0031491413669241745
2011/12,SOURCE_OF_IGNITION,Vehicle - Electrical fault,61,0.003001525365349604
2011/12,SOURCE_OF_IGNITION,Blow lamp/Paint remover,52,0.0025586773606258916
2011/12,SOURCE_OF_IGNITION,Wet hay,52,0.0025586773606258916
2011/12,SOURCE_OF_IGNITION,Flammable chemicals,49,0.002411061359051321
2011/12,SOURCE_OF_IGNITION,Gases,49,0.002411061359051321
2011/12,SOURCE_OF_IGNITION,Heating equipment - Power Source,45,0.0022142400236185604
2011/12,SOURCE_OF_IGNITION,Chimney Fires,41,0.002017418688185799
2011/12,SOURCE_OF_IGNITION,Other computer equipment,39,0.001919008020469419
2011/12,SOURCE_OF_IGNITION,Industrial lift,35,0.001722186685036658
2011/12,SOURCE_OF_IGNITION,Separate water heating,33,0.0016237760173202775
2011/12,SOURCE_OF_IGNITION,Intentional burning - out of control,32,0.0015745706834620872
2011/12,SOURCE_OF_IGNITION,Washing machine,30,0.0014761600157457068
2011/12,SOURCE_OF_IGNITION,Battery charger,27,0.0013285440141711361
2011/12,SOURCE_OF_IGNITION,Incendiary device,22,0.001082517344880185
2011/12,SOURCE_OF_IGNITION,Personal Computer,22,0.001082517344880185
2011/12,SOURCE_OF_IGNITION,Food warming equipment (not cooking),19,0.0009349013433056143
2011/12,SOURCE_OF_IGNITION,Hair dryer,18,0.0008856960094474241
2011/12,SOURCE_OF_IGNITION,Oil/Incense burners,18,0.0008856960094474241
2011/12,SOURCE_OF_IGNITION,Spin dryer,18,0.0008856960094474241
2011/12,SOURCE_OF_IGNITION,Camping stove,16,0.0007872853417310436
2011/12,SOURCE_OF_IGNITION,Domestic style gardening appliance,16,0.0007872853417310436
2011/12,SOURCE_OF_IGNITION,Vending equipment,16,0.0007872853417310436
2011/12,SOURCE_OF_IGNITION,"Vehicle - Engine, fuel line or pump",15,0.0007380800078728534
2011/12,SOURCE_OF_IGNITION,Audio equipment,14,0.0006888746740146632
2011/12,SOURCE_OF_IGNITION,Patio equipment,14,0.0006888746740146632
2011/12,SOURCE_OF_IGNITION,Vehicle - Exhausts,13,0.0006396693401564729
2011/12,SOURCE_OF_IGNITION,Washer/Dryer combined,13,0.0006396693401564729
2011/12,SOURCE_OF_IGNITION,TV,12,0.0005904640062982827
2011/12,SOURCE_OF_IGNITION,Vehicle - Unknown,12,0.0005904640062982827
2011/12,SOURCE_OF_IGNITION,Vacuum cleaner,10,0.0004920533385819023
2011/12,SOURCE_OF_IGNITION,Electric kettle,9,0.00044284800472371206
2011/12,SOURCE_OF_IGNITION,Iron,9,0.00044284800472371206
2011/12,SOURCE_OF_IGNITION,PC equipment (domestic use),9,0.00044284800472371206
2011/12,SOURCE_OF_IGNITION,Other electrical visual equipment,6,0.00029523200314914136
2011/12,SOURCE_OF_IGNITION,Vehicle - Other non electrical,5,0.00024602666929095116
2011/12,SOURCE_OF_IGNITION,Bomb/Explosives,4,0.0001968213354327609
2011/12,SOURCE_OF_IGNITION,Copiers/ Printers,3,0.00014761600157457068
2011/12,SOURCE_OF_IGNITION,Electric blanket,2,9.841066771638045e-05
2011/12,SOURCE_OF_IGNITION,Fairy lights,2,9.841066771638045e-05
2011/12,SOURCE_OF_IGNITION,Telephone/Answering machine/Fax machine,1,4.9205333858190226e-05
2011/12,SOURCE_OF_IGNITION,Vehicle - Wheels or brakes,1,4.9205333858190226e-05
2012/13,SOURCE_OF_IGNITION,"Wiring, cabling, plugs",1732,0.1049061175045427
2012/13,SOURCE_OF_IGNITION,Unspecified,1653,0.10012113870381587
2012/13,SOURCE_OF_IGNITION,"Naked flame - Lighted paper, card or other naked flame",1630,0.09872804360993337
2012/13,SOURCE_OF_IGNITION,Fluorescent lights,934,0.056571774682010904
2012/13,SOURCE_OF_IGNITION,Cooker incl. oven,887,0.053725015142337976
2012/13,SOURCE_OF_IGNITION,Smoking materials,852,0.05160508782556027
2012/13,SOURCE_OF_IGNITION,Matches,834,0.05051483949121744
2012/13,SOURCE_OF_IGNITION,"Apparatus - batteries, generators",684,0.04142943670502726
2012/13,SOURCE_OF_IGNITION,Cigarette lighters,654,0.03961235614778922
2012/13,SOURCE_OF_IGNITION,Spread from secondary fire,502,0.03040581465778316
2012/13,SOURCE_OF_IGNITION,Other,455,0.027559055118110236
2012/13,SOURCE_OF_IGNITION,Deep fat fryer,339,0.020533010296789823
2012/13,SOURCE_OF_IGNITION,Heater/Fire,335,0.020290732889158086
2012/13,SOURCE_OF_IGNITION,Other industrial equipment,314,0.01901877649909146
2012/13,SOURCE_OF_IGNITION,Grill/Toaster,296,0.017928528164748637
2012/13,SOURCE_OF_IGNITION,Microwave oven,293,0.017746820109024834
2012/13,SOURCE_OF_IGNITION,Tumble dryer,292,0.017686250757116898
2012/13,SOURCE_OF_IGNITION,Welding/Cutting equipment,282,0.017080557238037555
2012/13,SOURCE_OF_IGNITION,Ring/hot plate (separate appliance),279,0.016898849182313748
2012/13,SOURCE_OF_IGNITION,Manufacturing equipment,250,0.015142337976983646
2012/13,SOURCE_OF_IGNITION,Other heating equipment,205,0.01241671714112659
2012/13,SOURCE_OF_IGNITION,"Kiln, oven, furnace",185,0.011205330102967898
2012/13,SOURCE_OF_IGNITION,Spot lights,168,0.01017565112053301
2012/13,SOURCE_OF_IGNITION,Fridge/Freezer,149,0.009024833434282254
2012/13,SOURCE_OF_IGNITION,Other appliance or equipment,149,0.009024833434282254
2012/13,SOURCE_OF_IGNITION,Other lights,147,0.008903694730466384
2012/13,SOURCE_OF_IGNITION,Candles,142,0.00860084797092671
2012/13,SOURCE_OF_IGNITION,Liquids; petrol/oil related,134,0.008116293155663234
2012/13,SOURCE_OF_IGNITION,Industrial dryer,132,0.007995154451847366
2012/13,SOURCE_OF_IGNITION,Other cooking appliance,131,0.007934585099939431
2012/13,SOURCE_OF_IGNITION,Natural occurrence,118,0.007147183525136281
2012/13,SOURCE_OF_IGNITION,Other incandescent light bulbs,113,0.006844336765596608
2012/13,SOURCE_OF_IGNITION,"Solids; coal, coke, wood, card",105,0.006359781950333132
2012/13,SOURCE_OF_IGNITION,Extractor fan,103,0.006238643246517263
2012/13,SOURCE_OF_IGNITION,Central heating/Hot water,92,0.005572380375529982
2012/13,SOURCE_OF_IGNITION,Fireworks ,55,0.003331314354936402
2012/13,SOURCE_OF_IGNITION,Industrial lift,52,0.0031496062992125984
2012/13,SOURCE_OF_IGNITION,Barbecue,50,0.0030284675953967293
2012/13,SOURCE_OF_IGNITION,Dishwasher,50,0.0030284675953967293
2012/13,SOURCE_OF_IGNITION,Heating equipment - Power Source,48,0.00290732889158086
2012/13,SOURCE_OF_IGNITION,Vehicle - Electrical fault,45,0.0027256208358570565
2012/13,SOURCE_OF_IGNITION,Gases,40,0.0024227740763173833
2012/13,SOURCE_OF_IGNITION,Blow lamp/Paint remover,38,0.0023016353725015142
2012/13,SOURCE_OF_IGNITION,Washing machine,38,0.0023016353725015142
2012/13,SOURCE_OF_IGNITION,Wet hay,36,0.002180496668685645
2012/13,SOURCE_OF_IGNITION,Other domestic style appliance,34,0.002059357964869776
2012/13,SOURCE_OF_IGNITION,Flammable chemicals,33,0.0019987886129618415
2012/13,SOURCE_OF_IGNITION,Separate water heating,33,0.0019987886129618415
2012/13,SOURCE_OF_IGNITION,Chimney Fires,31,0.0018776499091459722
2012/13,SOURCE_OF_IGNITION,Personal Computer,30,0.0018170805572380376
2012/13,SOURCE_OF_IGNITION,Other computer equipment,29,0.001756511205330103
2012/13,SOURCE_OF_IGNITION,Food warming equipment (not cooking),28,0.0016959418534221683
2012/13,SOURCE_OF_IGNITION,Camping stove,23,0.0013930950938824955
2012/13,SOURCE_OF_IGNITION,Vending equipment,22,0.0013325257419745608
2012/13,SOURCE_OF_IGNITION,"Vehicle - Engine, fuel line or pump",18,0.0010902483343428226
2012/13,SOURCE_OF_IGNITION,Electric kettle,16,0.0009691096305269534
2012/13,SOURCE_OF_IGNITION,PC equipment (domestic use),16,0.0009691096305269534
2012/13,SOURCE_OF_IGNITION,Spin dryer,16,0.0009691096305269534
2012/13,SOURCE_OF_IGNITION,Battery charger,13,0.0007874015748031496
2012/13,SOURCE_OF_IGNITION,Intentional burning - out of control,13,0.0007874015748031496
2012/13,SOURCE_OF_IGNITION,Copiers/ Printers,11,0.0006662628709872804
2012/13,SOURCE_OF_IGNITION,TV,11,0.0006662628709872804
2012/13,SOURCE_OF_IGNITION,Vehicle - Exhausts,11,0.0006662628709872804
2012/13,SOURCE_OF_IGNITION,Vehicle - Unknown,11,0.0006662628709872804
2012/13,SOURCE_OF_IGNITION,Washer/Dryer combined,10,0.0006056935190793458
2012/13,SOURCE_OF_IGNITION,Domestic style gardening appliance,9,0.0005451241671714113
2012/13,SOURCE_OF_IGNITION,Hair dryer,9,0.0005451241671714113
2012/13,SOURCE_OF_IGNITION,Oil/Incense burners,8,0.0004845548152634767
2012/13,SOURCE_OF_IGNITION,Vacuum cleaner,8,0.0004845548152634767
2012/13,SOURCE_OF_IGNITION,Other electrical visual equipment,7,0.0004239854633555421
2012/13,SOURCE_OF_IGNITION,Patio equipment,7,0.0004239854633555421
2012/13,SOURCE_OF_IGNITION,Audio equipment,6,0.0003634161114476075
2012/13,SOURCE_OF_IGNITION,Incendiary device,6,0.0003634161114476075
2012/13,SOURCE_OF_IGNITION,Iron,4,0.00024227740763173834
2012/13,SOURCE_OF_IGNITION,Telephone/Answering machine/Fax machine,4,0.00024227740763173834
2012/13,SOURCE_OF_IGNITION,Bomb/Explosives,3,0.00018170805572380376
2012/13,SOURCE_OF_IGNITION,Fairy lights,2,0.00012113870381586917
2012/13,SOURCE_OF_IGNITION,Vehicle - Other non electrical,2,0.00012113870381586917
2012/13,SOURCE_OF_IGNITION,Electric blanket,1,6.0569351907934585e-05
2012/13,SOURCE_OF_IGNITION,Trouser press,1,6.0569351907934585e-05
2012/13,SOURCE_OF_IGNITION,Vehicle - Wheels or brakes,1,6.0569351907934585e-05
2012/13,SOURCE_OF_IGNITION,Video/DVD,1,6.0569351907934585e-05
2013/14,SOURCE_OF_IGNITION,Unspecified,1796,0.10861151427189163
2013/14,SOURCE_OF_IGNITION,"Wiring, cabling, plugs",1672,0.10111272375423319
2013/14,SOURCE_OF_IGNITION,"Naked flame - Lighted paper, card or other naked flame",1494,0.09034833091436865
2013/14,SOURCE_OF_IGNITION,Fluorescent lights,911,0.05509192065795839
2013/14,SOURCE_OF_IGNITION,Smoking materials,878,0.053096274794388
2013/14,SOURCE_OF_IGNITION,Matches,834,0.050435413642960815
2013/14,SOURCE_OF_IGNITION,Cooker incl. oven,821,0.049649250120948236
2013/14,SOURCE_OF_IGNITION,"Apparatus - batteries, generators",747,0.04517416545718433
2013/14,SOURCE_OF_IGNITION,Spread from secondary fire,667,0.04033623609095307
2013/14,SOURCE_OF_IGNITION,Cigarette lighters,621,0.037554426705370104
2013/14,SOURCE_OF_IGNITION,Other,530,0.03205128205128205
2013/14,SOURCE_OF_IGNITION,Deep fat fryer,333,0.02013788098693759
2013/14,SOURCE_OF_IGNITION,Other industrial equipment,329,0.01989598451862603
2013/14,SOURCE_OF_IGNITION,Welding/Cutting equipment,302,0.01826318335752298
2013/14,SOURCE_OF_IGNITION,Manufacturing equipment,275,0.01663038219641993
2013/14,SOURCE_OF_IGNITION,Heater/Fire,255,0.015420899854862119
2013/14,SOURCE_OF_IGNITION,Microwave oven,255,0.015420899854862119
2013/14,SOURCE_OF_IGNITION,Grill/Toaster,245,0.014816158684083213
2013/14,SOURCE_OF_IGNITION,Ring/hot plate (separate appliance),238,0.014392839864537977
2013/14,SOURCE_OF_IGNITION,Tumble dryer,230,0.013909046927914852
2013/14,SOURCE_OF_IGNITION,Other heating equipment,194,0.011731978713110788
2013/14,SOURCE_OF_IGNITION,"Kiln, oven, furnace",193,0.011671504596032898
2013/14,SOURCE_OF_IGNITION,Natural occurrence,164,0.00991775520077407
2013/14,SOURCE_OF_IGNITION,Fridge/Freezer,160,0.009675858732462506
2013/14,SOURCE_OF_IGNITION,Liquids; petrol/oil related,155,0.009373488147073053
2013/14,SOURCE_OF_IGNITION,Other appliance or equipment,154,0.009313014029995162
2013/14,SOURCE_OF_IGNITION,Other lights,153,0.009252539912917272
2013/14,SOURCE_OF_IGNITION,Spot lights,149,0.009010643444605709
2013/14,SOURCE_OF_IGNITION,Other cooking appliance,139,0.008405902273826801
2013/14,SOURCE_OF_IGNITION,"Solids; coal, coke, wood, card",139,0.008405902273826801
2013/14,SOURCE_OF_IGNITION,Industrial dryer,125,0.0075592646347363325
2013/14,SOURCE_OF_IGNITION,Candles,123,0.007438316400580552
2013/14,SOURCE_OF_IGNITION,Other incandescent light bulbs,108,0.006531204644412192
2013/14,SOURCE_OF_IGNITION,Central heating/Hot water,94,0.005684567005321722
2013/14,SOURCE_OF_IGNITION,Barbecue,75,0.0045355587808417995
2013/14,SOURCE_OF_IGNITION,Extractor fan,72,0.0043541364296081275
2013/14,SOURCE_OF_IGNITION,Fireworks ,57,0.003447024673439768
2013/14,SOURCE_OF_IGNITION,Vehicle - Electrical fault,56,0.003386550556361877
2013/14,SOURCE_OF_IGNITION,Flammable chemicals,49,0.0029632317368166426
2013/14,SOURCE_OF_IGNITION,Heating equipment - Power Source,45,0.00272133526850508
2013/14,SOURCE_OF_IGNITION,Dishwasher,44,0.002660861151427189
2013/14,SOURCE_OF_IGNITION,Other domestic style appliance,42,0.0025399129172714078
2013/14,SOURCE_OF_IGNITION,Separate water heating,41,0.0024794388001935174
2013/14,SOURCE_OF_IGNITION,Blow lamp/Paint remover,40,0.0024189646831156266
2013/14,SOURCE_OF_IGNITION,Industrial lift,36,0.0021770682148040637
2013/14,SOURCE_OF_IGNITION,Washing machine,35,0.0021165940977261734
2013/14,SOURCE_OF_IGNITION,Gases,33,0.0019956458635703917
2013/14,SOURCE_OF_IGNITION,Chimney Fires,32,0.0019351717464925011
2013/14,SOURCE_OF_IGNITION,Wet hay,30,0.00181422351233672
2013/14,SOURCE_OF_IGNITION,Food warming equipment (not cooking),28,0.0016932752781809385
2013/14,SOURCE_OF_IGNITION,Personal Computer,22,0.0013304305757135945
2013/14,SOURCE_OF_IGNITION,Intentional burning - out of control,21,0.0012699564586357039
2013/14,SOURCE_OF_IGNITION,Other computer equipment,21,0.0012699564586357039
2013/14,SOURCE_OF_IGNITION,Camping stove,19,0.0011490082244799227
2013/14,SOURCE_OF_IGNITION,Oil/Incense burners,19,0.0011490082244799227
2013/14,SOURCE_OF_IGNITION,Hair dryer,18,0.0010885341074020319
2013/14,SOURCE_OF_IGNITION,Spin dryer,16,0.0009675858732462506
2013/14,SOURCE_OF_IGNITION,Vehicle - Unknown,16,0.0009675858732462506
2013/14,SOURCE_OF_IGNITION,Battery charger,15,0.00090711175616836
2013/14,SOURCE_OF_IGNITION,Domestic style gardening appliance,15,0.00090711175616836
2013/14,SOURCE_OF_IGNITION,Patio equipment,15,0.00090711175616836
2013/14,SOURCE_OF_IGNITION,Copiers/ Printers,13,0.0007861635220125787
2013/14,SOURCE_OF_IGNITION,Incendiary device,12,0.000725689404934688
2013/14,SOURCE_OF_IGNITION,TV,12,0.000725689404934688
2013/14,SOURCE_OF_IGNITION,"Vehicle - Engine, fuel line or pump",12,0.000725689404934688
2013/14,SOURCE_OF_IGNITION,Vehicle - Exhausts,12,0.000725689404934688
2013/14,SOURCE_OF_IGNITION,Vending equipment,12,0.000725689404934688
2013/14,SOURCE_OF_IGNITION,Electric kettle,10,0.0006047411707789066
2013/14,SOURCE_OF_IGNITION,Other electrical visual equipment,10,0.0006047411707789066
2013/14,SOURCE_OF_IGNITION,Washer/Dryer combined,9,0.0005442670537010159
2013/14,SOURCE_OF_IGNITION,Audio equipment,8,0.0004837929366231253
2013/14,SOURCE_OF_IGNITION,Fairy lights,6,0.000362844702467344
2013/14,SOURCE_OF_IGNITION,Iron,6,0.000362844702467344
2013/14,SOURCE_OF_IGNITION,Vacuum cleaner,6,0.000362844702467344
2013/14,SOURCE_OF_IGNITION,Vehicle - Other non electrical,4,0.00024189646831156264
2013/14,SOURCE_OF_IGNITION,PC equipment (domestic use),3,0.000181422351233672
2013/14,SOURCE_OF_IGNITION,Bomb/Explosives,2,0.00012094823415578132
2013/14,SOURCE_OF_IGNITION,Video/DVD,2,0.00012094823415578132
2013/14,SOURCE_OF_IGNITION,Telephone/Answering machine/Fax machine,1,6.047411707789066e-05
2013/14,SOURCE_OF_IGNITION,Trouser press,1,6.047411707789066e-05
2014/15,SOURCE_OF_IGNITION,Unspecified,1740,0.11178208916870101
2014/15,SOURCE_OF_IGNITION,"Wiring, cabling, plugs",1600,0.10278812797121932
2014/15,SOURCE_OF_IGNITION,"Naked flame - Lighted paper, card or other naked flame",1313,0.08435050751638186
2014/15,SOURCE_OF_IGNITION,Fluorescent lights,809,0.05197224720544777
2014/15,SOURCE_OF_IGNITION,Smoking materials,801,0.05145830656559167
2014/15,SOURCE_OF_IGNITION,Cooker incl. oven,800,0.05139406398560966
2014/15,SOURCE_OF_IGNITION,Matches,762,0.048952845946293205
2014/15,SOURCE_OF_IGNITION,Cigarette lighters,711,0.04567647436721059
2014/15,SOURCE_OF_IGNITION,"Apparatus - batteries, generators",635,0.040794038288577666
2014/15,SOURCE_OF_IGNITION,Other,507,0.03257098805088012
2014/15,SOURCE_OF_IGNITION,Spread from secondary fire,465,0.029872799691635615
2014/15,SOURCE_OF_IGNITION,Deep fat fryer,358,0.022998843633560324
2014/15,SOURCE_OF_IGNITION,Other industrial equipment,299,0.019208531414621612
2014/15,SOURCE_OF_IGNITION,Welding/Cutting equipment,284,0.01824489271489143
2014/15,SOURCE_OF_IGNITION,Tumble dryer,283,0.018180650134909417
2014/15,SOURCE_OF_IGNITION,Heater/Fire,270,0.01734549659514326
2014/15,SOURCE_OF_IGNITION,Microwave oven,262,0.016831555955287163
2014/15,SOURCE_OF_IGNITION,Manufacturing equipment,247,0.015867917255556984
2014/15,SOURCE_OF_IGNITION,Ring/hot plate (separate appliance),247,0.015867917255556984
2014/15,SOURCE_OF_IGNITION,Grill/Toaster,221,0.01419761017602467
2014/15,SOURCE_OF_IGNITION,"Kiln, oven, furnace",174,0.011178208916870101
2014/15,SOURCE_OF_IGNITION,Other appliance or equipment,167,0.010728510856996018
2014/15,SOURCE_OF_IGNITION,Other heating equipment,165,0.010600025697031994
2014/15,SOURCE_OF_IGNITION,Other cooking appliance,155,0.009957599897211872
2014/15,SOURCE_OF_IGNITION,Liquids; petrol/oil related,153,0.009829114737247848
2014/15,SOURCE_OF_IGNITION,Spot lights,141,0.009058203777463704
2014/15,SOURCE_OF_IGNITION,Fridge/Freezer,140,0.00899396119748169
2014/15,SOURCE_OF_IGNITION,Natural occurrence,136,0.008736990877553643
2014/15,SOURCE_OF_IGNITION,Industrial dryer,134,0.008608505717589619
2014/15,SOURCE_OF_IGNITION,Other lights,130,0.00835153539766157
2014/15,SOURCE_OF_IGNITION,Candles,106,0.0068097134780932805
2014/15,SOURCE_OF_IGNITION,"Solids; coal, coke, wood, card",102,0.0065527431581652315
2014/15,SOURCE_OF_IGNITION,Extractor fan,92,0.005910317358345111
2014/15,SOURCE_OF_IGNITION,Central heating/Hot water,84,0.005396376718489014
2014/15,SOURCE_OF_IGNITION,Other incandescent light bulbs,83,0.005332134138507002
2014/15,SOURCE_OF_IGNITION,Barbecue,77,0.00494667865861493
2014/15,SOURCE_OF_IGNITION,Fireworks ,71,0.004561223178722857
2014/15,SOURCE_OF_IGNITION,Heating equipment - Power Source,54,0.0034690993190286522
2014/15,SOURCE_OF_IGNITION,Blow lamp/Paint remover,50,0.0032121289991006038
2014/15,SOURCE_OF_IGNITION,Dishwasher,44,0.0028266735192085312
2014/15,SOURCE_OF_IGNITION,Gases,43,0.0027624309392265192
2014/15,SOURCE_OF_IGNITION,Wet hay,43,0.0027624309392265192
2014/15,SOURCE_OF_IGNITION,Vehicle - Electrical fault,40,0.002569703199280483
2014/15,SOURCE_OF_IGNITION,Personal Computer,35,0.0022484902993704227
2014/15,SOURCE_OF_IGNITION,Washing machine,33,0.0021200051394063986
2014/15,SOURCE_OF_IGNITION,Flammable chemicals,32,0.0020557625594243866
2014/15,SOURCE_OF_IGNITION,Battery charger,31,0.0019915199794423746
2014/15,SOURCE_OF_IGNITION,Other domestic style appliance,30,0.0019272773994603624
2014/15,SOURCE_OF_IGNITION,Industrial lift,28,0.0017987922394963381
2014/15,SOURCE_OF_IGNITION,Intentional burning - out of control,28,0.0017987922394963381
2014/15,SOURCE_OF_IGNITION,Chimney Fires,25,0.0016060644995503019
2014/15,SOURCE_OF_IGNITION,Food warming equipment (not cooking),24,0.0015418219195682899
2014/15,SOURCE_OF_IGNITION,Other computer equipment,24,0.0015418219195682899
2014/15,SOURCE_OF_IGNITION,Separate water heating,21,0.0013490941796222536
2014/15,SOURCE_OF_IGNITION,Oil/Incense burners,20,0.0012848515996402416
2014/15,SOURCE_OF_IGNITION,"Vehicle - Engine, fuel line or pump",19,0.0012206090196582296
2014/15,SOURCE_OF_IGNITION,Domestic style gardening appliance,18,0.0011563664396762173
2014/15,SOURCE_OF_IGNITION,Camping stove,16,0.0010278812797121933
2014/15,SOURCE_OF_IGNITION,Audio equipment,14,0.0008993961197481691
2014/15,SOURCE_OF_IGNITION,Patio equipment,14,0.0008993961197481691
2014/15,SOURCE_OF_IGNITION,Vehicle - Unknown,14,0.0008993961197481691
2014/15,SOURCE_OF_IGNITION,Electric kettle,13,0.0008351535397661571
2014/15,SOURCE_OF_IGNITION,Vacuum cleaner,13,0.0008351535397661571
2014/15,SOURCE_OF_IGNITION,Washer/Dryer combined,13,0.0008351535397661571
2014/15,SOURCE_OF_IGNITION,TV,12,0.0007709109597841449
2014/15,SOURCE_OF_IGNITION,Hair dryer,11,0.0007066683798021328
2014/15,SOURCE_OF_IGNITION,Spin dryer,11,0.0007066683798021328
2014/15,SOURCE_OF_IGNITION,Copiers/ Printers,10,0.0006424257998201208
2014/15,SOURCE_OF_IGNITION,Incendiary device,9,0.0005781832198381087
2014/15,SOURCE_OF_IGNITION,Vehicle - Exhausts,9,0.0005781832198381087
2014/15,SOURCE_OF_IGNITION,Fairy lights,8,0.0005139406398560967
2014/15,SOURCE_OF_IGNITION,Iron,8,0.0005139406398560967
2014/15,SOURCE_OF_IGNITION,Other electrical visual equipment,7,0.00044969805987408453
2014/15,SOURCE_OF_IGNITION,PC equipment (domestic use),7,0.00044969805987408453
2014/15,SOURCE_OF_IGNITION,Vending equipment,3,0.00019272773994603623
2014/15,SOURCE_OF_IGNITION,Electric blanket,2,0.00012848515996402416
2014/15,SOURCE_OF_IGNITION,Telephone/Answering machine/Fax machine,2,0.00012848515996402416
2014/15,SOURCE_OF_IGNITION,Video/DVD,2,0.00012848515996402416
2014/15,SOURCE_OF_IGNITION,Vehicle - Other non electrical,1,6.424257998201208e-05
2014/15,SOURCE_OF_IGNITION,Vehicle - Wheels or brakes,1,6.424257998201208e-05
2015/16,SOURCE_OF_IGNITION,Unspecified,1853,0.11561018218118294
2015/16,SOURCE_OF_IGNITION,"Wiring, cabling, plugs",1609,0.10038682305964562
2015/16,SOURCE_OF_IGNITION,"Naked flame - Lighted paper, card or other naked flame",1501,0.09364861492388321
2015/16,SOURCE_OF_IGNITION,Smoking materials,949,0.059208884452208635
2015/16,SOURCE_OF_IGNITION,Matches,860,0.05365610182181183
2015/16,SOURCE_OF_IGNITION,Cigarette lighters,853,0.05321936610930871
2015/16,SOURCE_OF_IGNITION,Cooker incl. oven,806,0.05028699775393062
2015/16,SOURCE_OF_IGNITION,Fluorescent lights,773,0.04822810082355877
2015/16,SOURCE_OF_IGNITION,"Apparatus - batteries, generators",599,0.037372098827052655
2015/16,SOURCE_OF_IGNITION,Spread from secondary fire,593,0.036997753930621415
2015/16,SOURCE_OF_IGNITION,Other,498,0.03107062640379336
2015/16,SOURCE_OF_IGNITION,Deep fat fryer,359,0.022398302969802844
2015/16,SOURCE_OF_IGNITION,Other industrial equipment,302,0.018842026453706015
2015/16,SOURCE_OF_IGNITION,Welding/Cutting equipment,275,0.01715747441976541
2015/16,SOURCE_OF_IGNITION,Heater/Fire,248,0.015472922385824806
2015/16,SOURCE_OF_IGNITION,Tumble dryer,244,0.01522335912153731
2015/16,SOURCE_OF_IGNITION,Microwave oven,237,0.01478662340903419
2015/16,SOURCE_OF_IGNITION,Manufacturing equipment,226,0.014100324432243573
2015/16,SOURCE_OF_IGNITION,Grill/Toaster,224,0.013975542800099825
2015/16,SOURCE_OF_IGNITION,Ring/hot plate (separate appliance),211,0.01316446219116546
2015/16,SOURCE_OF_IGNITION,Other appliance or equipment,166,0.01035687546793112
2015/16,SOURCE_OF_IGNITION,Other heating equipment,155,0.009670576491140503
2015/16,SOURCE_OF_IGNITION,Fridge/Freezer,147,0.00917144996256551
2015/16,SOURCE_OF_IGNITION,Other lights,144,0.008984277514349888
2015/16,SOURCE_OF_IGNITION,"Kiln, oven, furnace",137,0.008547541801846768
2015/16,SOURCE_OF_IGNITION,Natural occurrence,131,0.008173196905415523
2015/16,SOURCE_OF_IGNITION,Liquids; petrol/oil related,123,0.007674070376840529
2015/16,SOURCE_OF_IGNITION,Other cooking appliance,121,0.00754928874469678
2015/16,SOURCE_OF_IGNITION,"Solids; coal, coke, wood, card",117,0.0072997254804092835
2015/16,SOURCE_OF_IGNITION,Spot lights,117,0.0072997254804092835
2015/16,SOURCE_OF_IGNITION,Industrial dryer,116,0.0072373346643374095
2015/16,SOURCE_OF_IGNITION,Candles,113,0.007050162216121787
2015/16,SOURCE_OF_IGNITION,Other incandescent light bulbs,96,0.005989518342899925
2015/16,SOURCE_OF_IGNITION,Barbecue,70,0.004367357125031195
2015/16,SOURCE_OF_IGNITION,Fireworks ,70,0.004367357125031195
2015/16,SOURCE_OF_IGNITION,Central heating/Hot water,69,0.004304966308959321
2015/16,SOURCE_OF_IGNITION,Extractor fan,68,0.004242575492887447
2015/16,SOURCE_OF_IGNITION,Vehicle - Electrical fault,49,0.0030571499875218368
2015/16,SOURCE_OF_IGNITION,Heating equipment - Power Source,46,0.002869977539306214
2015/16,SOURCE_OF_IGNITION,Flammable chemicals,38,0.0023708510107312204
2015/16,SOURCE_OF_IGNITION,Gases,38,0.0023708510107312204
2015/16,SOURCE_OF_IGNITION,Industrial lift,36,0.002246069378587472
2015/16,SOURCE_OF_IGNITION,Intentional burning - out of control,36,0.002246069378587472
2015/16,SOURCE_OF_IGNITION,Washing machine,36,0.002246069378587472
2015/16,SOURCE_OF_IGNITION,Blow lamp/Paint remover,35,0.0021836785625155976
2015/16,SOURCE_OF_IGNITION,Chimney Fires,33,0.002058896930371849
2015/16,SOURCE_OF_IGNITION,Dishwasher,32,0.001996506114299975
2015/16,SOURCE_OF_IGNITION,Separate water heating,32,0.001996506114299975
2015/16,SOURCE_OF_IGNITION,Wet hay,32,0.001996506114299975
2015/16,SOURCE_OF_IGNITION,Personal Computer,30,0.0018717244821562266
2015/16,SOURCE_OF_IGNITION,Battery charger,24,0.0014973795857249812
2015/16,SOURCE_OF_IGNITION,Other computer equipment,22,0.0013725979535812328
2015/16,SOURCE_OF_IGNITION,"Vehicle - Engine, fuel line or pump",22,0.0013725979535812328
2015/16,SOURCE_OF_IGNITION,Other domestic style appliance,21,0.0013102071375093586
2015/16,SOURCE_OF_IGNITION,Vehicle - Unknown,21,0.0013102071375093586
2015/16,SOURCE_OF_IGNITION,Food warming equipment (not cooking),20,0.0012478163214374844
2015/16,SOURCE_OF_IGNITION,Oil/Incense burners,20,0.0012478163214374844
2015/16,SOURCE_OF_IGNITION,Domestic style gardening appliance,19,0.0011854255053656102
2015/16,SOURCE_OF_IGNITION,Hair dryer,19,0.0011854255053656102
2015/16,SOURCE_OF_IGNITION,Camping stove,18,0.001123034689293736
2015/16,SOURCE_OF_IGNITION,Spin dryer,17,0.0010606438732218618
2015/16,SOURCE_OF_IGNITION,Electric kettle,14,0.0008734714250062391
2015/16,SOURCE_OF_IGNITION,Copiers/ Printers,13,0.0008110806089343649
2015/16,SOURCE_OF_IGNITION,Patio equipment,13,0.0008110806089343649
2015/16,SOURCE_OF_IGNITION,Vending equipment,13,0.0008110806089343649
2015/16,SOURCE_OF_IGNITION,Vehicle - Exhausts,12,0.0007486897928624906
2015/16,SOURCE_OF_IGNITION,Incendiary device,11,0.0006862989767906164
2015/16,SOURCE_OF_IGNITION,Vacuum cleaner,11,0.0006862989767906164
2015/16,SOURCE_OF_IGNITION,Audio equipment,10,0.0006239081607187422
2015/16,SOURCE_OF_IGNITION,Iron,10,0.0006239081607187422
2015/16,SOURCE_OF_IGNITION,TV,8,0.0004991265285749938
2015/16,SOURCE_OF_IGNITION,Vehicle - Other non electrical,8,0.0004991265285749938
2015/16,SOURCE_OF_IGNITION,Fairy lights,6,0.0003743448964312453
2015/16,SOURCE_OF_IGNITION,Other electrical visual equipment,6,0.0003743448964312453
2015/16,SOURCE_OF_IGNITION,PC equipment (domestic use),5,0.0003119540803593711
2015/16,SOURCE_OF_IGNITION,Washer/Dryer combined,4,0.0002495632642874969
2015/16,SOURCE_OF_IGNITION,Bomb/Explosives,3,0.00018717244821562265
2015/16,SOURCE_OF_IGNITION,Telephone/Answering machine/Fax machine,2,0.00012478163214374845
2015/16,SOURCE_OF_IGNITION,Video/DVD,2,0.00012478163214374845
2015/16,SOURCE_OF_IGNITION,Electric blanket,1,6.239081607187422e-05
2016/17,SOURCE_OF_IGNITION,Unspecified,1789,0.11271421370967742
2016/17,SOURCE_OF_IGNITION,"Naked flame - Lighted paper, card or other naked flame",1705,0.107421875
2016/17,SOURCE_OF_IGNITION,"Wiring, cabling, plugs",1628,0.10257056451612903
2016/17,SOURCE_OF_IGNITION,Cigarette lighters,919,0.05790070564516129
2016/17,SOURCE_OF_IGNITION,Smoking materials,851,0.053616431451612906
2016/17,SOURCE_OF_IGNITION,Matches,782,0.04926915322580645
2016/17,SOURCE_OF_IGNITION,Cooker incl. oven,703,0.04429183467741935
2016/17,SOURCE_OF_IGNITION,"Apparatus - batteries, generators",697,0.04391381048387097
2016/17,SOURCE_OF_IGNITION,Fluorescent lights,640,0.04032258064516129
2016/17,SOURCE_OF_IGNITION,Spread from secondary fire,552,0.03477822580645161
2016/17,SOURCE_OF_IGNITION,Other,532,0.03351814516129032
2016/17,SOURCE_OF_IGNITION,Deep fat fryer,398,0.025075604838709676
2016/17,SOURCE_OF_IGNITION,Other industrial equipment,289,0.018208165322580645
2016/17,SOURCE_OF_IGNITION,Welding/Cutting equipment,265,0.016696068548387098
2016/17,SOURCE_OF_IGNITION,Heater/Fire,251,0.015814012096774195
2016/17,SOURCE_OF_IGNITION,Ring/hot plate (separate appliance),211,0.013293850806451613
2016/17,SOURCE_OF_IGNITION,Tumble dryer,209,0.013167842741935484
2016/17,SOURCE_OF_IGNITION,Grill/Toaster,200,0.012600806451612902
2016/17,SOURCE_OF_IGNITION,Manufacturing equipment,200,0.012600806451612902
2016/17,SOURCE_OF_IGNITION,Microwave oven,195,0.01228578629032258
2016/17,SOURCE_OF_IGNITION,Other heating equipment,170,0.010710685483870967
2016/17,SOURCE_OF_IGNITION,Liquids; petrol/oil related,158,0.009954637096774193
2016/17,SOURCE_OF_IGNITION,Other cooking appliance,148,0.009324596774193549
2016/17,SOURCE_OF_IGNITION,Other appliance or equipment,140,0.008820564516129033
2016/17,SOURCE_OF_IGNITION,Natural occurrence,139,0.008757560483870967
2016/17,SOURCE_OF_IGNITION,"Kiln, oven, furnace",135,0.008505544354838709
2016/17,SOURCE_OF_IGNITION,Other lights,132,0.008316532258064516
2016/17,SOURCE_OF_IGNITION,Industrial dryer,128,0.008064516129032258
2016/17,SOURCE_OF_IGNITION,Spot lights,125,0.007875504032258064
2016/17,SOURCE_OF_IGNITION,Fridge/Freezer,123,0.0077494959677419355
2016/17,SOURCE_OF_IGNITION,"Solids; coal, coke, wood, card",119,0.007497479838709678
2016/17,SOURCE_OF_IGNITION,Fireworks ,107,0.006741431451612903
2016/17,SOURCE_OF_IGNITION,Candles,106,0.006678427419354839
2016/17,SOURCE_OF_IGNITION,Barbecue,95,0.005985383064516129
2016/17,SOURCE_OF_IGNITION,Extractor fan,83,0.0052293346774193545
2016/17,SOURCE_OF_IGNITION,Central heating/Hot water,77,0.004851310483870968
2016/17,SOURCE_OF_IGNITION,Other incandescent light bulbs,74,0.004662298387096774
2016/17,SOURCE_OF_IGNITION,Vehicle - Electrical fault,48,0.0030241935483870967
2016/17,SOURCE_OF_IGNITION,Gases,44,0.002772177419354839
2016/17,SOURCE_OF_IGNITION,Flammable chemicals,37,0.002331149193548387
2016/17,SOURCE_OF_IGNITION,Chimney Fires,35,0.0022051411290322583
2016/17,SOURCE_OF_IGNITION,Wet hay,35,0.0022051411290322583
2016/17,SOURCE_OF_IGNITION,Dishwasher,34,0.0021421370967741934
2016/17,SOURCE_OF_IGNITION,Heating equipment - Power Source,34,0.0021421370967741934
2016/17,SOURCE_OF_IGNITION,Washing machine,30,0.0018901209677419355
2016/17,SOURCE_OF_IGNITION,Intentional burning - out of control,29,0.0018271169354838709
2016/17,SOURCE_OF_IGNITION,Other domestic style appliance,29,0.0018271169354838709
2016/17,SOURCE_OF_IGNITION,Battery charger,28,0.0017641129032258064
2016/17,SOURCE_OF_IGNITION,Blow lamp/Paint remover,28,0.0017641129032258064
2016/17,SOURCE_OF_IGNITION,Other computer equipment,28,0.0017641129032258064
2016/17,SOURCE_OF_IGNITION,Personal Computer,28,0.0017641129032258064
2016/17,SOURCE_OF_IGNITION,Separate water heating,27,0.001701108870967742
2016/17,SOURCE_OF_IGNITION,Domestic style gardening appliance,26,0.0016381048387096775
2016/17,SOURCE_OF_IGNITION,"Vehicle - Engine, fuel line or pump",22,0.0013860887096774194
2016/17,SOURCE_OF_IGNITION,Camping stove,20,0.0012600806451612903
2016/17,SOURCE_OF_IGNITION,Food warming equipment (not cooking),20,0.0012600806451612903
2016/17,SOURCE_OF_IGNITION,Industrial lift,19,0.0011970766129032258
2016/17,SOURCE_OF_IGNITION,Oil/Incense burners,18,0.0011340725806451614
2016/17,SOURCE_OF_IGNITION,Electric kettle,16,0.0010080645161290322
2016/17,SOURCE_OF_IGNITION,Vehicle - Unknown,15,0.0009450604838709678
2016/17,SOURCE_OF_IGNITION,Hair dryer,14,0.0008820564516129032
2016/17,SOURCE_OF_IGNITION,Patio equipment,13,0.0008190524193548387
2016/17,SOURCE_OF_IGNITION,Audio equipment,11,0.0006930443548387097
2016/17,SOURCE_OF_IGNITION,Copiers/ Printers,11,0.0006930443548387097
2016/17,SOURCE_OF_IGNITION,Spin dryer,11,0.0006930443548387097
2016/17,SOURCE_OF_IGNITION,Washer/Dryer combined,9,0.0005670362903225807
2016/17,SOURCE_OF_IGNITION,Incendiary device,8,0.0005040322580645161
2016/17,SOURCE_OF_IGNITION,TV,8,0.0005040322580645161
2016/17,SOURCE_OF_IGNITION,Vehicle - Exhausts,8,0.0005040322580645161
2016/17,SOURCE_OF_IGNITION,Other electrical visual equipment,7,0.0004410282258064516
2016/17,SOURCE_OF_IGNITION,Vacuum cleaner,7,0.0004410282258064516
2016/17,SOURCE_OF_IGNITION,Vending equipment,7,0.0004410282258064516
2016/17,SOURCE_OF_IGNITION,Bomb/Explosives,6,0.0003780241935483871
2016/17,SOURCE_OF_IGNITION,Iron,6,0.0003780241935483871
2016/17,SOURCE_OF_IGNITION,Vehicle - Other non electrical,5,0.00031502016129032257
2016/17,SOURCE_OF_IGNITION,PC equipment (domestic use),4,0.00025201612903225806
2016/17,SOURCE_OF_IGNITION,Fairy lights,3,0.00018901209677419354
2016/17,SOURCE_OF_IGNITION,Telephone/Answering machine/Fax machine,3,0.00018901209677419354
2016/17,SOURCE_OF_IGNITION,Trouser press,2,0.00012600806451612903
2016/17,SOURCE_OF_IGNITION,Vehicle - Wheels or brakes,2,0.00012600806451612903
2016/17,SOURCE_OF_IGNITION,Electric blanket,1,6.300403225806451e-05
2016/17,SOURCE_OF_IGNITION,Video/DVD,1,6.300403225806451e-05
2017/18,SOURCE_OF_IGNITION,Unspecified,1901,0.1216951539594136
2017/18,SOURCE_OF_IGNITION,"Naked flame - Lighted paper, card or other naked flame",1592,0.1019140900070418
2017/18,SOURCE_OF_IGNITION,"Wiring, cabling, plugs",1525,0.09762499199795148
2017/18,SOURCE_OF_IGNITION,Smoking materials,883,0.05652647077651879
2017/18,SOURCE_OF_IGNITION,Cigarette lighters,823,0.05268548748479611
2017/18,SOURCE_OF_IGNITION,Cooker incl. oven,704,0.04506753728954612
2017/18,SOURCE_OF_IGNITION,Matches,703,0.04500352090135075
2017/18,SOURCE_OF_IGNITION,Fluorescent lights,638,0.040842455668651176
2017/18,SOURCE_OF_IGNITION,"Apparatus - batteries, generators",616,0.03943409512835286
2017/18,SOURCE_OF_IGNITION,Spread from secondary fire,573,0.0366813904359516
2017/18,SOURCE_OF_IGNITION,Other,545,0.03488893156648102
2017/18,SOURCE_OF_IGNITION,Deep fat fryer,407,0.026054669995518854
2017/18,SOURCE_OF_IGNITION,Other industrial equipment,271,0.017348441200947442
2017/18,SOURCE_OF_IGNITION,Welding/Cutting equipment,240,0.015363933166890723
2017/18,SOURCE_OF_IGNITION,Heater/Fire,239,0.015299916778695346
2017/18,SOURCE_OF_IGNITION,Manufacturing equipment,217,0.013891556238397029
2017/18,SOURCE_OF_IGNITION,Ring/hot plate (separate appliance),217,0.013891556238397029
2017/18,SOURCE_OF_IGNITION,Microwave oven,201,0.012867294027270982
2017/18,SOURCE_OF_IGNITION,Grill/Toaster,189,0.012099097368926445
2017/18,SOURCE_OF_IGNITION,Liquids; petrol/oil related,189,0.012099097368926445
2017/18,SOURCE_OF_IGNITION,Other heating equipment,189,0.012099097368926445
2017/18,SOURCE_OF_IGNITION,Tumble dryer,189,0.012099097368926445
2017/18,SOURCE_OF_IGNITION,Other appliance or equipment,163,0.010434671275846616
2017/18,SOURCE_OF_IGNITION,"Kiln, oven, furnace",159,0.010178605723065105
2017/18,SOURCE_OF_IGNITION,Fridge/Freezer,155,0.009922540170283593
2017/18,SOURCE_OF_IGNITION,Natural occurrence,145,0.009282376288329812
2017/18,SOURCE_OF_IGNITION,"Solids; coal, coke, wood, card",133,0.008514179629985276
2017/18,SOURCE_OF_IGNITION,Other cooking appliance,130,0.008322130465399142
2017/18,SOURCE_OF_IGNITION,Other lights,126,0.00806606491261763
2017/18,SOURCE_OF_IGNITION,Industrial dryer,121,0.00774598297164074
2017/18,SOURCE_OF_IGNITION,Fireworks ,104,0.006657704372319314
2017/18,SOURCE_OF_IGNITION,Candles,103,0.006593687984123936
2017/18,SOURCE_OF_IGNITION,Spot lights,98,0.006273606043147046
2017/18,SOURCE_OF_IGNITION,Barbecue,86,0.0055054093848025095
2017/18,SOURCE_OF_IGNITION,Central heating/Hot water,81,0.0051853274438256195
2017/18,SOURCE_OF_IGNITION,Other incandescent light bulbs,72,0.004609179950067217
2017/18,SOURCE_OF_IGNITION,Extractor fan,71,0.0045451635618718395
2017/18,SOURCE_OF_IGNITION,Gases,61,0.003904999679918059
2017/18,SOURCE_OF_IGNITION,Heating equipment - Power Source,46,0.0029447538569873886
2017/18,SOURCE_OF_IGNITION,Vehicle - Electrical fault,46,0.0029447538569873886
2017/18,SOURCE_OF_IGNITION,Flammable chemicals,40,0.002560655527815121
2017/18,SOURCE_OF_IGNITION,Chimney Fires,38,0.0024326227514243647
2017/18,SOURCE_OF_IGNITION,Other domestic style appliance,38,0.0024326227514243647
2017/18,SOURCE_OF_IGNITION,Dishwasher,34,0.0021765571986428526
2017/18,SOURCE_OF_IGNITION,Separate water heating,34,0.0021765571986428526
2017/18,SOURCE_OF_IGNITION,Intentional burning - out of control,33,0.0021125408104474747
2017/18,SOURCE_OF_IGNITION,Battery charger,31,0.0019845080340567187
2017/18,SOURCE_OF_IGNITION,Personal Computer,30,0.0019204916458613404
2017/18,SOURCE_OF_IGNITION,Wet hay,28,0.0017924588694705845
2017/18,SOURCE_OF_IGNITION,Blow lamp/Paint remover,27,0.0017284424812752065
2017/18,SOURCE_OF_IGNITION,"Vehicle - Engine, fuel line or pump",25,0.0016004097048844504
2017/18,SOURCE_OF_IGNITION,Washing machine,25,0.0016004097048844504
2017/18,SOURCE_OF_IGNITION,Industrial lift,24,0.0015363933166890724
2017/18,SOURCE_OF_IGNITION,Electric kettle,22,0.0014083605402983163
2017/18,SOURCE_OF_IGNITION,Hair dryer,21,0.0013443441521029385
2017/18,SOURCE_OF_IGNITION,Other computer equipment,20,0.0012803277639075604
2017/18,SOURCE_OF_IGNITION,Domestic style gardening appliance,19,0.0012163113757121824
2017/18,SOURCE_OF_IGNITION,Food warming equipment (not cooking),19,0.0012163113757121824
2017/18,SOURCE_OF_IGNITION,Oil/Incense burners,17,0.0010882785993214263
2017/18,SOURCE_OF_IGNITION,Vehicle - Unknown,17,0.0010882785993214263
2017/18,SOURCE_OF_IGNITION,Copiers/ Printers,13,0.0008322130465399142
2017/18,SOURCE_OF_IGNITION,Patio equipment,12,0.0007681966583445362
2017/18,SOURCE_OF_IGNITION,Washer/Dryer combined,11,0.0007041802701491581
2017/18,SOURCE_OF_IGNITION,Camping stove,10,0.0006401638819537802
2017/18,SOURCE_OF_IGNITION,PC equipment (domestic use),10,0.0006401638819537802
2017/18,SOURCE_OF_IGNITION,Audio equipment,8,0.0005121311055630241
2017/18,SOURCE_OF_IGNITION,Incendiary device,8,0.0005121311055630241
2017/18,SOURCE_OF_IGNITION,TV,8,0.0005121311055630241
2017/18,SOURCE_OF_IGNITION,Vending equipment,8,0.0005121311055630241
2017/18,SOURCE_OF_IGNITION,Vacuum cleaner,7,0.00044811471736764613
2017/18,SOURCE_OF_IGNITION,Other electrical visual equipment,6,0.0003840983291722681
2017/18,SOURCE_OF_IGNITION,Iron,5,0.0003200819409768901
2017/18,SOURCE_OF_IGNITION,Spin dryer,5,0.0003200819409768901
2017/18,SOURCE_OF_IGNITION,Vehicle - Exhausts,4,0.00025606555278151206
2017/18,SOURCE_OF_IGNITION,Bomb/Explosives,3,0.00019204916458613405
2017/18,SOURCE_OF_IGNITION,Vehicle - Other non electrical,3,0.00019204916458613405
2017/18,SOURCE_OF_IGNITION,Electric blanket,2,0.00012803277639075603
2017/18,SOURCE_OF_IGNITION,Fairy lights,2,0.00012803277639075603
2017/18,SOURCE_OF_IGNITION,Video/DVD,2,0.00012803277639075603
2017/18,SOURCE_OF_IGNITION,Vehicle - Wheels or brakes,1,6.401638819537802e-05
2018/19,SOURCE_OF_IGNITION,Unspecified,2041,0.13574991686065846
2018/19,SOURCE_OF_IGNITION,"Wiring, cabling, plugs",1564,0.10402394413036249
2018/19,SOURCE_OF_IGNITION,"Naked flame - Lighted paper, card or other naked flame",1347,0.08959095443964084
2018/19,SOURCE_OF_IGNITION,Smoking materials,922,0.06132357831725973
2018/19,SOURCE_OF_IGNITION,Spread from secondary fire,742,0.04935151313601596
2018/19,SOURCE_OF_IGNITION,Other,640,0.04256734286664449
2018/19,SOURCE_OF_IGNITION,Cooker incl. oven,626,0.04163618224143665
2018/19,SOURCE_OF_IGNITION,"Apparatus - batteries, generators",620,0.041237113402061855
2018/19,SOURCE_OF_IGNITION,Matches,526,0.03498503491852344
2018/19,SOURCE_OF_IGNITION,Cigarette lighters,519,0.03451945460591952
2018/19,SOURCE_OF_IGNITION,Fluorescent lights,480,0.03192550714998337
2018/19,SOURCE_OF_IGNITION,Deep fat fryer,364,0.02421017625540406
2018/19,SOURCE_OF_IGNITION,Other industrial equipment,322,0.021416694379780513
2018/19,SOURCE_OF_IGNITION,Welding/Cutting equipment,240,0.015962753574991686
2018/19,SOURCE_OF_IGNITION,Microwave oven,214,0.014233455271034253
2018/19,SOURCE_OF_IGNITION,Tumble dryer,211,0.014033920851346858
2018/19,SOURCE_OF_IGNITION,Ring/hot plate (separate appliance),198,0.013169271699368141
2018/19,SOURCE_OF_IGNITION,Manufacturing equipment,195,0.012969737279680744
2018/19,SOURCE_OF_IGNITION,Heater/Fire,193,0.012836714333222482
2018/19,SOURCE_OF_IGNITION,Natural occurrence,190,0.012637179913535085
2018/19,SOURCE_OF_IGNITION,Other heating equipment,172,0.011439973395410708
2018/19,SOURCE_OF_IGNITION,Grill/Toaster,171,0.011373461922181576
2018/19,SOURCE_OF_IGNITION,"Kiln, oven, furnace",167,0.011107416029265049
2018/19,SOURCE_OF_IGNITION,Fridge/Freezer,152,0.010109743930828068
2018/19,SOURCE_OF_IGNITION,Liquids; petrol/oil related,152,0.010109743930828068
2018/19,SOURCE_OF_IGNITION,Other cooking appliance,149,0.009910209511140671
2018/19,SOURCE_OF_IGNITION,"Solids; coal, coke, wood, card",140,0.009311606252078483
2018/19,SOURCE_OF_IGNITION,Other appliance or equipment,133,0.00884602593947456
2018/19,SOURCE_OF_IGNITION,Other lights,128,0.0085134685733289
2018/19,SOURCE_OF_IGNITION,Industrial dryer,103,0.006850681742600599
2018/19,SOURCE_OF_IGNITION,Barbecue,99,0.006584635849684071
2018/19,SOURCE_OF_IGNITION,Candles,90,0.005986032590621883
2018/19,SOURCE_OF_IGNITION,Fireworks ,89,0.0059195211173927505
2018/19,SOURCE_OF_IGNITION,Spot lights,83,0.005520452278017958
2018/19,SOURCE_OF_IGNITION,Extractor fan,78,0.005187894911872298
2018/19,SOURCE_OF_IGNITION,Other incandescent light bulbs,68,0.004522780179580977
2018/19,SOURCE_OF_IGNITION,Central heating/Hot water,51,0.0033920851346857335
2018/19,SOURCE_OF_IGNITION,Flammable chemicals,49,0.0032590621882274693
2018/19,SOURCE_OF_IGNITION,Heating equipment - Power Source,49,0.0032590621882274693
2018/19,SOURCE_OF_IGNITION,Vehicle - Electrical fault,45,0.0029930162953109413
2018/19,SOURCE_OF_IGNITION,Gases,41,0.002726970402394413
2018/19,SOURCE_OF_IGNITION,Separate water heating,39,0.002593947455936149
2018/19,SOURCE_OF_IGNITION,Wet hay,37,0.002460924509477885
2018/19,SOURCE_OF_IGNITION,Battery charger,36,0.002394413036248753
2018/19,SOURCE_OF_IGNITION,Dishwasher,36,0.002394413036248753
2018/19,SOURCE_OF_IGNITION,Other domestic style appliance,35,0.002327901563019621
2018/19,SOURCE_OF_IGNITION,Washing machine,34,0.0022613900897904887
2018/19,SOURCE_OF_IGNITION,Blow lamp/Paint remover,33,0.002194878616561357
2018/19,SOURCE_OF_IGNITION,Other computer equipment,32,0.002128367143332225
2018/19,SOURCE_OF_IGNITION,Electric kettle,30,0.0019953441968739607
2018/19,SOURCE_OF_IGNITION,Chimney Fires,29,0.0019288327236448286
2018/19,SOURCE_OF_IGNITION,Domestic style gardening appliance,29,0.0019288327236448286
2018/19,SOURCE_OF_IGNITION,Intentional burning - out of control,27,0.0017958097771865647
2018/19,SOURCE_OF_IGNITION,Camping stove,24,0.0015962753574991686
2018/19,SOURCE_OF_IGNITION,Personal Computer,22,0.0014632524110409046
2018/19,SOURCE_OF_IGNITION,Industrial lift,20,0.0013302294645826404
2018/19,SOURCE_OF_IGNITION,"Vehicle - Engine, fuel line or pump",20,0.0013302294645826404
2018/19,SOURCE_OF_IGNITION,Vehicle - Unknown,18,0.0011972065181243764
2018/19,SOURCE_OF_IGNITION,Hair dryer,17,0.0011306950448952443
2018/19,SOURCE_OF_IGNITION,Patio equipment,15,0.0009976720984369804
2018/19,SOURCE_OF_IGNITION,Spin dryer,14,0.0009311606252078484
2018/19,SOURCE_OF_IGNITION,Vacuum cleaner,13,0.0008646491519787163
2018/19,SOURCE_OF_IGNITION,PC equipment (domestic use),12,0.0007981376787495843
2018/19,SOURCE_OF_IGNITION,Food warming equipment (not cooking),11,0.0007316262055204523
2018/19,SOURCE_OF_IGNITION,Copiers/ Printers,9,0.0005986032590621882
2018/19,SOURCE_OF_IGNITION,Washer/Dryer combined,9,0.0005986032590621882
2018/19,SOURCE_OF_IGNITION,Audio equipment,8,0.0005320917858330562
2018/19,SOURCE_OF_IGNITION,Vehicle - Exhausts,8,0.0005320917858330562
2018/19,SOURCE_OF_IGNITION,Oil/Incense burners,7,0.0004655803126039242
2018/19,SOURCE_OF_IGNITION,Incendiary device,6,0.00039906883937479215
2018/19,SOURCE_OF_IGNITION,TV,6,0.00039906883937479215
2018/19,SOURCE_OF_IGNITION,Fairy lights,5,0.0003325573661456601
2018/19,SOURCE_OF_IGNITION,Iron,5,0.0003325573661456601
2018/19,SOURCE_OF_IGNITION,Vehicle - Other non electrical,5,0.0003325573661456601
2018/19,SOURCE_OF_IGNITION,Vending equipment,5,0.0003325573661456601
2018/19,SOURCE_OF_IGNITION,Telephone/Answering machine/Fax machine,4,0.0002660458929165281
2018/19,SOURCE_OF_IGNITION,Vehicle - Wheels or brakes,4,0.0002660458929165281
2018/19,SOURCE_OF_IGNITION,Bomb/Explosives,3,0.00019953441968739607
2018/19,SOURCE_OF_IGNITION,Other electrical visual equipment,3,0.00019953441968739607
2018/19,SOURCE_OF_IGNITION,Electric blanket,1,6.651147322913203e-05
2018/19,SOURCE_OF_IGNITION,Video/DVD,1,6.651147322913203e-05
2019/20,SOURCE_OF_IGNITION,Unspecified,2065,0.14408317052749092
2019/20,SOURCE_OF_IGNITION,"Wiring, cabling, plugs",1576,0.10996371755512141
2019/20,SOURCE_OF_IGNITION,"Naked flame - Lighted paper, card or other naked flame",1286,0.08972927714205972
2019/20,SOURCE_OF_IGNITION,Smoking materials,853,0.05951716438738487
2019/20,SOURCE_OF_IGNITION,Other,663,0.04626011722020653
2019/20,SOURCE_OF_IGNITION,Cooker incl. oven,607,0.04235277700251186
2019/20,SOURCE_OF_IGNITION,"Apparatus - batteries, generators",602,0.042003907340217694
2019/20,SOURCE_OF_IGNITION,Spread from secondary fire,538,0.037538375662852355
2019/20,SOURCE_OF_IGNITION,Cigarette lighters,517,0.03607312308121686
2019/20,SOURCE_OF_IGNITION,Matches,486,0.03391013117499302
2019/20,SOURCE_OF_IGNITION,Fluorescent lights,464,0.03237510466089869
2019/20,SOURCE_OF_IGNITION,Deep fat fryer,336,0.023444041306168017
2019/20,SOURCE_OF_IGNITION,Heater/Fire,234,0.01632710019536701
2019/20,SOURCE_OF_IGNITION,Other industrial equipment,234,0.01632710019536701
2019/20,SOURCE_OF_IGNITION,Tumble dryer,234,0.01632710019536701
2019/20,SOURCE_OF_IGNITION,Welding/Cutting equipment,217,0.015140943343566844
2019/20,SOURCE_OF_IGNITION,Manufacturing equipment,195,0.013605916829472509
2019/20,SOURCE_OF_IGNITION,Ring/hot plate (separate appliance),188,0.013117499302260676
2019/20,SOURCE_OF_IGNITION,Other heating equipment,187,0.013047725369801842
2019/20,SOURCE_OF_IGNITION,Microwave oven,180,0.012559307842590009
2019/20,SOURCE_OF_IGNITION,Grill/Toaster,174,0.012140664247837009
2019/20,SOURCE_OF_IGNITION,Liquids; petrol/oil related,173,0.012070890315378174
2019/20,SOURCE_OF_IGNITION,Natural occurrence,148,0.01032654200390734
2019/20,SOURCE_OF_IGNITION,Other appliance or equipment,138,0.009628802679319006
2019/20,SOURCE_OF_IGNITION,"Kiln, oven, furnace",134,0.009349706949483673
2019/20,SOURCE_OF_IGNITION,Fridge/Freezer,133,0.009279933017024839
2019/20,SOURCE_OF_IGNITION,Other cooking appliance,128,0.008931063354730673
2019/20,SOURCE_OF_IGNITION,"Solids; coal, coke, wood, card",127,0.008861289422271839
2019/20,SOURCE_OF_IGNITION,Other lights,107,0.007465810773095172
2019/20,SOURCE_OF_IGNITION,Industrial dryer,100,0.006977393245883338
2019/20,SOURCE_OF_IGNITION,Spot lights,88,0.006140106056377337
2019/20,SOURCE_OF_IGNITION,Candles,85,0.005930784259000837
2019/20,SOURCE_OF_IGNITION,Barbecue,79,0.005512140664247837
2019/20,SOURCE_OF_IGNITION,Other incandescent light bulbs,65,0.004535305609824169
2019/20,SOURCE_OF_IGNITION,Central heating/Hot water,62,0.004325983812447669
2019/20,SOURCE_OF_IGNITION,Extractor fan,60,0.004186435947530003
2019/20,SOURCE_OF_IGNITION,Fireworks ,54,0.0037677923527770023
2019/20,SOURCE_OF_IGNITION,Electric kettle,46,0.0032096008931063354
2019/20,SOURCE_OF_IGNITION,Vehicle - Electrical fault,45,0.003139826960647502
2019/20,SOURCE_OF_IGNITION,Wet hay,44,0.0030700530281886685
2019/20,SOURCE_OF_IGNITION,Flammable chemicals,43,0.0030002790957298353
2019/20,SOURCE_OF_IGNITION,Heating equipment - Power Source,43,0.0030002790957298353
2019/20,SOURCE_OF_IGNITION,Gases,42,0.002930505163271002
2019/20,SOURCE_OF_IGNITION,Dishwasher,41,0.0028607312308121685
2019/20,SOURCE_OF_IGNITION,Battery charger,40,0.0027909572983533353
2019/20,SOURCE_OF_IGNITION,Separate water heating,36,0.0025118615685180016
2019/20,SOURCE_OF_IGNITION,Other domestic style appliance,31,0.0021629919062238346
2019/20,SOURCE_OF_IGNITION,Personal Computer,29,0.0020234440413061682
2019/20,SOURCE_OF_IGNITION,Industrial lift,27,0.0018838961763885012
2019/20,SOURCE_OF_IGNITION,Washing machine,26,0.001814122243929668
2019/20,SOURCE_OF_IGNITION,Blow lamp/Paint remover,24,0.0016745743790120011
2019/20,SOURCE_OF_IGNITION,Chimney Fires,22,0.0015350265140943343
2019/20,SOURCE_OF_IGNITION,Intentional burning - out of control,22,0.0015350265140943343
2019/20,SOURCE_OF_IGNITION,Camping stove,21,0.001465252581635501
2019/20,SOURCE_OF_IGNITION,Domestic style gardening appliance,19,0.0013257047167178342
2019/20,SOURCE_OF_IGNITION,Other computer equipment,18,0.0012559307842590008
2019/20,SOURCE_OF_IGNITION,Vacuum cleaner,15,0.0010466089868825007
2019/20,SOURCE_OF_IGNITION,PC equipment (domestic use),14,0.0009768350544236673
2019/20,SOURCE_OF_IGNITION,"Vehicle - Engine, fuel line or pump",14,0.0009768350544236673
2019/20,SOURCE_OF_IGNITION,Food warming equipment (not cooking),13,0.000907061121964834
2019/20,SOURCE_OF_IGNITION,Spin dryer,13,0.000907061121964834
2019/20,SOURCE_OF_IGNITION,Washer/Dryer combined,13,0.000907061121964834
2019/20,SOURCE_OF_IGNITION,Copiers/ Printers,12,0.0008372871895060006
2019/20,SOURCE_OF_IGNITION,Hair dryer,12,0.0008372871895060006
2019/20,SOURCE_OF_IGNITION,Oil/Incense burners,11,0.0007675132570471671
2019/20,SOURCE_OF_IGNITION,Patio equipment,10,0.0006977393245883338
2019/20,SOURCE_OF_IGNITION,Vehicle - Unknown,10,0.0006977393245883338
2019/20,SOURCE_OF_IGNITION,Incendiary device,9,0.0006279653921295004
2019/20,SOURCE_OF_IGNITION,Vehicle - Exhausts,9,0.0006279653921295004
2019/20,SOURCE_OF_IGNITION,Audio equipment,6,0.0004186435947530003
2019/20,SOURCE_OF_IGNITION,Fairy lights,6,0.0004186435947530003
2019/20,SOURCE_OF_IGNITION,Bomb/Explosives,5,0.0003488696622941669
2019/20,SOURCE_OF_IGNITION,TV,5,0.0003488696622941669
2019/20,SOURCE_OF_IGNITION,Iron,4,0.00027909572983533354
2019/20,SOURCE_OF_IGNITION,Vehicle - Other non electrical,4,0.00027909572983533354
2019/20,SOURCE_OF_IGNITION,Other electrical visual equipment,3,0.00020932179737650014
2019/20,SOURCE_OF_IGNITION,Telephone/Answering machine/Fax machine,3,0.00020932179737650014
2019/20,SOURCE_OF_IGNITION,Vending equipment,3,0.00020932179737650014
2019/20,SOURCE_OF_IGNITION,Vehicle - Wheels or brakes,1,6.977393245883338e-05
2019/20,SOURCE_OF_IGNITION,Video/DVD,1,6.977393245883338e-05
2020/21,SOURCE_OF_IGNITION,Unspecified,1839,0.15422676954042266
2020/21,SOURCE_OF_IGNITION,"Wiring, cabling, plugs",1168,0.09795370680979537
2020/21,SOURCE_OF_IGNITION,"Naked flame - Lighted paper, card or other naked flame",1010,0.08470311975847031
2020/21,SOURCE_OF_IGNITION,Spread from secondary fire,792,0.06642066420664207
2020/21,SOURCE_OF_IGNITION,Smoking materials,737,0.061808118081180814
2020/21,SOURCE_OF_IGNITION,Other,577,0.04838980207983898
2020/21,SOURCE_OF_IGNITION,"Apparatus - batteries, generators",496,0.04159677960415968
2020/21,SOURCE_OF_IGNITION,Cooker incl. oven,428,0.0358939953035894
2020/21,SOURCE_OF_IGNITION,Cigarette lighters,368,0.030862126803086212
2020/21,SOURCE_OF_IGNITION,Matches,346,0.02901710835290171
2020/21,SOURCE_OF_IGNITION,Fluorescent lights,267,0.022391814827239183
2020/21,SOURCE_OF_IGNITION,Deep fat fryer,212,0.01777926870177793
2020/21,SOURCE_OF_IGNITION,Heater/Fire,193,0.016185843676618586
2020/21,SOURCE_OF_IGNITION,Other industrial equipment,185,0.015514927876551492
2020/21,SOURCE_OF_IGNITION,Liquids; petrol/oil related,183,0.01534719892653472
2020/21,SOURCE_OF_IGNITION,Manufacturing equipment,183,0.01534719892653472
2020/21,SOURCE_OF_IGNITION,Other heating equipment,168,0.014089231801408923
2020/21,SOURCE_OF_IGNITION,Welding/Cutting equipment,167,0.014005367326400536
2020/21,SOURCE_OF_IGNITION,Microwave oven,164,0.013753773901375378
2020/21,SOURCE_OF_IGNITION,Natural occurrence,146,0.012244213351224421
2020/21,SOURCE_OF_IGNITION,Tumble dryer,144,0.012076484401207649
2020/21,SOURCE_OF_IGNITION,"Solids; coal, coke, wood, card",141,0.011824890976182488
2020/21,SOURCE_OF_IGNITION,Ring/hot plate (separate appliance),136,0.011405568601140557
2020/21,SOURCE_OF_IGNITION,Barbecue,133,0.011153975176115398
2020/21,SOURCE_OF_IGNITION,Fridge/Freezer,131,0.010986246226098624
2020/21,SOURCE_OF_IGNITION,Other appliance or equipment,125,0.010483059376048307
2020/21,SOURCE_OF_IGNITION,"Kiln, oven, furnace",104,0.00872190540087219
2020/21,SOURCE_OF_IGNITION,Other cooking appliance,101,0.008470311975847031
2020/21,SOURCE_OF_IGNITION,Grill/Toaster,94,0.007883260650788326
2020/21,SOURCE_OF_IGNITION,Other lights,89,0.007463938275746393
2020/21,SOURCE_OF_IGNITION,Fireworks ,77,0.006457564575645757
2020/21,SOURCE_OF_IGNITION,Industrial dryer,73,0.006122106675612211
2020/21,SOURCE_OF_IGNITION,Candles,59,0.0049480040254948005
2020/21,SOURCE_OF_IGNITION,Spot lights,56,0.004696410600469641
2020/21,SOURCE_OF_IGNITION,Battery charger,50,0.004193223750419322
2020/21,SOURCE_OF_IGNITION,Central heating/Hot water,48,0.004025494800402549
2020/21,SOURCE_OF_IGNITION,Extractor fan,48,0.004025494800402549
2020/21,SOURCE_OF_IGNITION,Other incandescent light bulbs,46,0.0038577658503857765
2020/21,SOURCE_OF_IGNITION,Vehicle - Electrical fault,45,0.0037739013753773903
2020/21,SOURCE_OF_IGNITION,Heating equipment - Power Source,43,0.0036061724253606173
2020/21,SOURCE_OF_IGNITION,Gases,41,0.0034384434753438444
2020/21,SOURCE_OF_IGNITION,Blow lamp/Paint remover,37,0.0031029855753102985
2020/21,SOURCE_OF_IGNITION,Wet hay,36,0.0030191211003019122
2020/21,SOURCE_OF_IGNITION,Flammable chemicals,35,0.0029352566252935255
2020/21,SOURCE_OF_IGNITION,Other domestic style appliance,34,0.0028513921502851393
2020/21,SOURCE_OF_IGNITION,Washing machine,30,0.0025159342502515934
2020/21,SOURCE_OF_IGNITION,Electric kettle,29,0.002432069775243207
2020/21,SOURCE_OF_IGNITION,Domestic style gardening appliance,24,0.0020127474002012745
2020/21,SOURCE_OF_IGNITION,Separate water heating,23,0.0019288829251928883
2020/21,SOURCE_OF_IGNITION,Intentional burning - out of control,22,0.0018450184501845018
2020/21,SOURCE_OF_IGNITION,"Vehicle - Engine, fuel line or pump",22,0.0018450184501845018
2020/21,SOURCE_OF_IGNITION,Dishwasher,21,0.0017611539751761153
2020/21,SOURCE_OF_IGNITION,Other computer equipment,19,0.0015934250251593426
2020/21,SOURCE_OF_IGNITION,Chimney Fires,17,0.0014256960751425696
2020/21,SOURCE_OF_IGNITION,Patio equipment,17,0.0014256960751425696
2020/21,SOURCE_OF_IGNITION,Industrial lift,14,0.0011741026501174102
2020/21,SOURCE_OF_IGNITION,Personal Computer,13,0.0010902381751090237
2020/21,SOURCE_OF_IGNITION,Vehicle - Unknown,13,0.0010902381751090237
2020/21,SOURCE_OF_IGNITION,Oil/Incense burners,11,0.0009225092250922509
2020/21,SOURCE_OF_IGNITION,Copiers/ Printers,9,0.0007547802750754781
2020/21,SOURCE_OF_IGNITION,Food warming equipment (not cooking),9,0.0007547802750754781
2020/21,SOURCE_OF_IGNITION,PC equipment (domestic use),9,0.0007547802750754781
2020/21,SOURCE_OF_IGNITION,Spin dryer,8,0.0006709158000670916
2020/21,SOURCE_OF_IGNITION,Vehicle - Exhausts,8,0.0006709158000670916
2020/21,SOURCE_OF_IGNITION,Camping stove,6,0.0005031868500503186
2020/21,SOURCE_OF_IGNITION,Other electrical visual equipment,6,0.0005031868500503186
2020/21,SOURCE_OF_IGNITION,Washer/Dryer combined,6,0.0005031868500503186
2020/21,SOURCE_OF_IGNITION,Audio equipment,4,0.0003354579000335458
2020/21,SOURCE_OF_IGNITION,Fairy lights,4,0.0003354579000335458
2020/21,SOURCE_OF_IGNITION,Incendiary device,4,0.0003354579000335458
2020/21,SOURCE_OF_IGNITION,TV,4,0.0003354579000335458
2020/21,SOURCE_OF_IGNITION,Vending equipment,4,0.0003354579000335458
2020/21,SOURCE_OF_IGNITION,Hair dryer,3,0.0002515934250251593
2020/21,SOURCE_OF_IGNITION,Vacuum cleaner,3,0.0002515934250251593
2020/21,SOURCE_OF_IGNITION,Vehicle - Other non electrical,3,0.0002515934250251593
2020/21,SOURCE_OF_IGNITION,Iron,2,0.0001677289500167729
2020/21,SOURCE_OF_IGNITION,Vehicle - Wheels or brakes,2,0.0001677289500167729
2021/22,SOURCE_OF_IGNITION,Unspecified,1981,0.15292573722402347
2021/22,SOURCE_OF_IGNITION,"Wiring, cabling, plugs",1386,0.10699397869383974
2021/22,SOURCE_OF_IGNITION,"Naked flame - Lighted paper, card or other naked flame",1049,0.08097884823220627
2021/22,SOURCE_OF_IGNITION,Smoking materials,731,0.05643044619422572
2021/22,SOURCE_OF_IGNITION,Other,618,0.047707271885132005
2021/22,SOURCE_OF_IGNITION,"Apparatus - batteries, generators",605,0.04670372085842211
2021/22,SOURCE_OF_IGNITION,Spread from secondary fire,562,0.043384282846997066
2021/22,SOURCE_OF_IGNITION,Cooker incl. oven,528,0.04075961093098657
2021/22,SOURCE_OF_IGNITION,Cigarette lighters,414,0.03195924038906901
2021/22,SOURCE_OF_IGNITION,Matches,374,0.028871391076115485
2021/22,SOURCE_OF_IGNITION,Deep fat fryer,307,0.023699243476918326
2021/22,SOURCE_OF_IGNITION,Fluorescent lights,303,0.023390458545622973
2021/22,SOURCE_OF_IGNITION,Other industrial equipment,229,0.017677937316658947
2021/22,SOURCE_OF_IGNITION,Heater/Fire,200,0.015439246564767639
2021/22,SOURCE_OF_IGNITION,Welding/Cutting equipment,198,0.015284854099119963
2021/22,SOURCE_OF_IGNITION,Tumble dryer,197,0.015207657866296125
2021/22,SOURCE_OF_IGNITION,Microwave oven,181,0.013972518141114713
2021/22,SOURCE_OF_IGNITION,Manufacturing equipment,177,0.01366373320981936
2021/22,SOURCE_OF_IGNITION,Other heating equipment,169,0.013046163347228655
2021/22,SOURCE_OF_IGNITION,Ring/hot plate (separate appliance),165,0.012737378415933302
2021/22,SOURCE_OF_IGNITION,Liquids; petrol/oil related,162,0.012505789717461788
2021/22,SOURCE_OF_IGNITION,Natural occurrence,159,0.012274201018990273
2021/22,SOURCE_OF_IGNITION,Other appliance or equipment,148,0.011425042457928053
2021/22,SOURCE_OF_IGNITION,Grill/Toaster,145,0.011193453759456538
2021/22,SOURCE_OF_IGNITION,Other cooking appliance,138,0.010653080129689671
2021/22,SOURCE_OF_IGNITION,"Solids; coal, coke, wood, card",136,0.010498687664041995
2021/22,SOURCE_OF_IGNITION,Fridge/Freezer,134,0.010344295198394318
2021/22,SOURCE_OF_IGNITION,"Kiln, oven, furnace",117,0.009031959240389069
2021/22,SOURCE_OF_IGNITION,Other lights,110,0.008491585610622202
2021/22,SOURCE_OF_IGNITION,Industrial dryer,100,0.0077196232823838196
2021/22,SOURCE_OF_IGNITION,Barbecue,95,0.007333642118264629
2021/22,SOURCE_OF_IGNITION,Candles,87,0.006716072255673923
2021/22,SOURCE_OF_IGNITION,Fireworks ,82,0.006330091091554732
2021/22,SOURCE_OF_IGNITION,Spot lights,66,0.005094951366373321
2021/22,SOURCE_OF_IGNITION,Extractor fan,58,0.004477381503782615
2021/22,SOURCE_OF_IGNITION,Battery charger,54,0.0041685965724872626
2021/22,SOURCE_OF_IGNITION,Wet hay,48,0.0037054191755442334
2021/22,SOURCE_OF_IGNITION,Central heating/Hot water,45,0.003473830477072719
2021/22,SOURCE_OF_IGNITION,Heating equipment - Power Source,42,0.003242241778601204
2021/22,SOURCE_OF_IGNITION,Gases,41,0.003165045545777366
2021/22,SOURCE_OF_IGNITION,Flammable chemicals,40,0.003087849312953528
2021/22,SOURCE_OF_IGNITION,Vehicle - Electrical fault,40,0.003087849312953528
2021/22,SOURCE_OF_IGNITION,Other incandescent light bulbs,37,0.0028562606144820132
2021/22,SOURCE_OF_IGNITION,Other domestic style appliance,32,0.0024702794503628223
2021/22,SOURCE_OF_IGNITION,Separate water heating,30,0.002315886984715146
2021/22,SOURCE_OF_IGNITION,Blow lamp/Paint remover,29,0.0022386907518913077
2021/22,SOURCE_OF_IGNITION,Dishwasher,28,0.0021614945190674695
2021/22,SOURCE_OF_IGNITION,Electric kettle,26,0.002007102053419793
2021/22,SOURCE_OF_IGNITION,Washing machine,26,0.002007102053419793
2021/22,SOURCE_OF_IGNITION,Vehicle - Unknown,24,0.0018527095877721167
2021/22,SOURCE_OF_IGNITION,"Vehicle - Engine, fuel line or pump",23,0.0017755133549482785
2021/22,SOURCE_OF_IGNITION,Domestic style gardening appliance,22,0.0016983171221244403
2021/22,SOURCE_OF_IGNITION,Chimney Fires,21,0.001621120889300602
2021/22,SOURCE_OF_IGNITION,Patio equipment,19,0.0014667284236529257
2021/22,SOURCE_OF_IGNITION,Industrial lift,18,0.0013895321908290875
2021/22,SOURCE_OF_IGNITION,Personal Computer,18,0.0013895321908290875
2021/22,SOURCE_OF_IGNITION,Oil/Incense burners,17,0.0013123359580052493
2021/22,SOURCE_OF_IGNITION,Other computer equipment,16,0.0012351397251814111
2021/22,SOURCE_OF_IGNITION,Food warming equipment (not cooking),15,0.001157943492357573
2021/22,SOURCE_OF_IGNITION,Intentional burning - out of control,15,0.001157943492357573
2021/22,SOURCE_OF_IGNITION,Camping stove,14,0.0010807472595337347
2021/22,SOURCE_OF_IGNITION,Hair dryer,12,0.0009263547938860583
2021/22,SOURCE_OF_IGNITION,PC equipment (domestic use),12,0.0009263547938860583
2021/22,SOURCE_OF_IGNITION,Audio equipment,11,0.0008491585610622202
2021/22,SOURCE_OF_IGNITION,Copiers/ Printers,10,0.000771962328238382
2021/22,SOURCE_OF_IGNITION,Spin dryer,8,0.0006175698625907056
2021/22,SOURCE_OF_IGNITION,TV,8,0.0006175698625907056
2021/22,SOURCE_OF_IGNITION,Incendiary device,7,0.0005403736297668674
2021/22,SOURCE_OF_IGNITION,Other electrical visual equipment,6,0.0004631773969430292
2021/22,SOURCE_OF_IGNITION,Fairy lights,4,0.0003087849312953528
2021/22,SOURCE_OF_IGNITION,Vacuum cleaner,4,0.0003087849312953528
2021/22,SOURCE_OF_IGNITION,Vehicle - Exhausts,4,0.0003087849312953528
2021/22,SOURCE_OF_IGNITION,Vehicle - Other non electrical,4,0.0003087849312953528
2021/22,SOURCE_OF_IGNITION,Telephone/Answering machine/Fax machine,3,0.0002315886984715146
2021/22,SOURCE_OF_IGNITION,Vending equipment,3,0.0002315886984715146
2021/22,SOURCE_OF_IGNITION,Washer/Dryer combined,3,0.0002315886984715146
2021/22,SOURCE_OF_IGNITION,Iron,2,0.0001543924656476764
2021/22,SOURCE_OF_IGNITION,Vehicle - Wheels or brakes,2,0.0001543924656476764
2022/23,SOURCE_OF_IGNITION,Unspecified,2202,0.16217410517012815
2022/23,SOURCE_OF_IGNITION,"Wiring, cabling, plugs",1352,0.09957283841508323
2022/23,SOURCE_OF_IGNITION,"Naked flame - Lighted paper, card or other naked flame",1225,0.09021947267638827
2022/23,SOURCE_OF_IGNITION,Smoking materials,947,0.06974517602003241
2022/23,SOURCE_OF_IGNITION,Spread from secondary fire,656,0.048313448225069965
2022/23,SOURCE_OF_IGNITION,Other,651,0.04794520547945205
2022/23,SOURCE_OF_IGNITION,"Apparatus - batteries, generators",642,0.04728236853733982
2022/23,SOURCE_OF_IGNITION,Cooker incl. oven,530,0.0390337310354986
2022/23,SOURCE_OF_IGNITION,Cigarette lighters,450,0.03314184710561202
2022/23,SOURCE_OF_IGNITION,Matches,380,0.02798644866696126
2022/23,SOURCE_OF_IGNITION,Deep fat fryer,311,0.022904698777434084
2022/23,SOURCE_OF_IGNITION,Fluorescent lights,286,0.02106348504934453
2022/23,SOURCE_OF_IGNITION,Other industrial equipment,256,0.01885402857563706
2022/23,SOURCE_OF_IGNITION,Welding/Cutting equipment,206,0.015171601119457947
2022/23,SOURCE_OF_IGNITION,Heater/Fire,195,0.014361467079098541
2022/23,SOURCE_OF_IGNITION,Tumble dryer,191,0.014066872882604213
2022/23,SOURCE_OF_IGNITION,Other appliance or equipment,181,0.01333038739136839
2022/23,SOURCE_OF_IGNITION,Manufacturing equipment,174,0.012814847547503314
2022/23,SOURCE_OF_IGNITION,Natural occurrence,166,0.012225659154514656
2022/23,SOURCE_OF_IGNITION,Microwave oven,158,0.011636470761525998
2022/23,SOURCE_OF_IGNITION,Ring/hot plate (separate appliance),157,0.011562822212402415
2022/23,SOURCE_OF_IGNITION,Grill/Toaster,146,0.010752688172043012
2022/23,SOURCE_OF_IGNITION,Other heating equipment,140,0.010310796877301517
2022/23,SOURCE_OF_IGNITION,Fridge/Freezer,134,0.009868905582560024
2022/23,SOURCE_OF_IGNITION,Liquids; petrol/oil related,129,0.009500662836942113
2022/23,SOURCE_OF_IGNITION,"Solids; coal, coke, wood, card",127,0.009353365738694948
2022/23,SOURCE_OF_IGNITION,Other cooking appliance,119,0.00876417734570629
2022/23,SOURCE_OF_IGNITION,Barbecue,112,0.008248637501841214
2022/23,SOURCE_OF_IGNITION,Other lights,110,0.008101340403594049
2022/23,SOURCE_OF_IGNITION,"Kiln, oven, furnace",103,0.007585800559728973
2022/23,SOURCE_OF_IGNITION,Candles,78,0.0057445868316394165
2022/23,SOURCE_OF_IGNITION,Industrial dryer,78,0.0057445868316394165
2022/23,SOURCE_OF_IGNITION,Spot lights,62,0.0045662100456621
2022/23,SOURCE_OF_IGNITION,Central heating/Hot water,58,0.004271615849167771
2022/23,SOURCE_OF_IGNITION,Vehicle - Electrical fault,53,0.00390337310354986
2022/23,SOURCE_OF_IGNITION,Battery charger,52,0.003829724554426278
2022/23,SOURCE_OF_IGNITION,Extractor fan,49,0.003608778907055531
2022/23,SOURCE_OF_IGNITION,Gases,47,0.0034614818088083664
2022/23,SOURCE_OF_IGNITION,Fireworks ,44,0.00324053616143762
2022/23,SOURCE_OF_IGNITION,Other incandescent light bulbs,43,0.0031668876123140373
2022/23,SOURCE_OF_IGNITION,Flammable chemicals,35,0.002577699219325379
2022/23,SOURCE_OF_IGNITION,Other domestic style appliance,32,0.0023567535719546326
2022/23,SOURCE_OF_IGNITION,Chimney Fires,31,0.00228310502283105
2022/23,SOURCE_OF_IGNITION,Electric kettle,30,0.002209456473707468
2022/23,SOURCE_OF_IGNITION,Heating equipment - Power Source,30,0.002209456473707468
2022/23,SOURCE_OF_IGNITION,Vehicle - Unknown,28,0.0020621593754603035
2022/23,SOURCE_OF_IGNITION,Washing machine,28,0.0020621593754603035
2022/23,SOURCE_OF_IGNITION,Blow lamp/Paint remover,26,0.001914862277213139
2022/23,SOURCE_OF_IGNITION,Separate water heating,24,0.0017675651789659744
2022/23,SOURCE_OF_IGNITION,Wet hay,24,0.0017675651789659744
2022/23,SOURCE_OF_IGNITION,Other computer equipment,23,0.0016939166298423922
2022/23,SOURCE_OF_IGNITION,Hair dryer,22,0.00162026808071881
2022/23,SOURCE_OF_IGNITION,Camping stove,21,0.0015466195315952276
2022/23,SOURCE_OF_IGNITION,Dishwasher,21,0.0015466195315952276
2022/23,SOURCE_OF_IGNITION,Domestic style gardening appliance,20,0.0014729709824716454
2022/23,SOURCE_OF_IGNITION,Intentional burning - out of control,20,0.0014729709824716454
2022/23,SOURCE_OF_IGNITION,Food warming equipment (not cooking),16,0.0011783767859773163
2022/23,SOURCE_OF_IGNITION,Personal Computer,16,0.0011783767859773163
2022/23,SOURCE_OF_IGNITION,Industrial lift,15,0.001104728236853734
2022/23,SOURCE_OF_IGNITION,Oil/Incense burners,13,0.0009574311386065695
2022/23,SOURCE_OF_IGNITION,"Vehicle - Engine, fuel line or pump",13,0.0009574311386065695
2022/23,SOURCE_OF_IGNITION,Copiers/ Printers,12,0.0008837825894829872
2022/23,SOURCE_OF_IGNITION,Audio equipment,10,0.0007364854912358227
2022/23,SOURCE_OF_IGNITION,Spin dryer,10,0.0007364854912358227
2022/23,SOURCE_OF_IGNITION,Vacuum cleaner,9,0.0006628369421122404
2022/23,SOURCE_OF_IGNITION,Vehicle - Exhausts,9,0.0006628369421122404
2022/23,SOURCE_OF_IGNITION,Incendiary device,6,0.0004418912947414936
2022/23,SOURCE_OF_IGNITION,Other electrical visual equipment,6,0.0004418912947414936
2022/23,SOURCE_OF_IGNITION,Patio equipment,5,0.00036824274561791134
2022/23,SOURCE_OF_IGNITION,PC equipment (domestic use),4,0.0002945941964943291
2022/23,SOURCE_OF_IGNITION,TV,4,0.0002945941964943291
2022/23,SOURCE_OF_IGNITION,Vending equipment,4,0.0002945941964943291
2022/23,SOURCE_OF_IGNITION,Telephone/Answering machine/Fax machine,3,0.0002209456473707468
2022/23,SOURCE_OF_IGNITION,Vehicle - Other non electrical,3,0.0002209456473707468
2022/23,SOURCE_OF_IGNITION,Bomb/Explosives,2,0.00014729709824716454
2022/23,SOURCE_OF_IGNITION,Washer/Dryer combined,2,0.00014729709824716454
2022/23,SOURCE_OF_IGNITION,Fairy lights,1,7.364854912358227e-05
2023/24,SOURCE_OF_IGNITION,Unspecified,2331,0.17526315789473684
2023/24,SOURCE_OF_IGNITION,"Wiring, cabling, plugs",1327,0.09977443609022556
2023/24,SOURCE_OF_IGNITION,"Naked flame - Lighted paper, card or other naked flame",1137,0.08548872180451128
2023/24,SOURCE_OF_IGNITION,Smoking materials,979,0.07360902255639097
2023/24,SOURCE_OF_IGNITION,"Apparatus - batteries, generators",736,0.05533834586466165
2023/24,SOURCE_OF_IGNITION,Other,678,0.05097744360902256
2023/24,SOURCE_OF_IGNITION,Cooker incl. oven,518,0.03894736842105263
2023/24,SOURCE_OF_IGNITION,Cigarette lighters,457,0.0343609022556391
2023/24,SOURCE_OF_IGNITION,Spread from secondary fire,433,0.03255639097744361
2023/24,SOURCE_OF_IGNITION,Matches,378,0.028421052631578948
2023/24,SOURCE_OF_IGNITION,Deep fat fryer,320,0.02406015037593985
2023/24,SOURCE_OF_IGNITION,Fluorescent lights,241,0.0181203007518797
2023/24,SOURCE_OF_IGNITION,Other industrial equipment,211,0.01586466165413534
2023/24,SOURCE_OF_IGNITION,Heater/Fire,200,0.015037593984962405
2023/24,SOURCE_OF_IGNITION,Welding/Cutting equipment,169,0.012706766917293232
2023/24,SOURCE_OF_IGNITION,Microwave oven,168,0.01263157894736842
2023/24,SOURCE_OF_IGNITION,Manufacturing equipment,166,0.012481203007518798
2023/24,SOURCE_OF_IGNITION,Tumble dryer,160,0.012030075187969926
2023/24,SOURCE_OF_IGNITION,Other appliance or equipment,153,0.01150375939849624
2023/24,SOURCE_OF_IGNITION,Liquids; petrol/oil related,148,0.011127819548872181
2023/24,SOURCE_OF_IGNITION,Ring/hot plate (separate appliance),146,0.010977443609022556
2023/24,SOURCE_OF_IGNITION,Other heating equipment,143,0.01075187969924812
2023/24,SOURCE_OF_IGNITION,Natural occurrence,134,0.010075187969924812
2023/24,SOURCE_OF_IGNITION,Grill/Toaster,126,0.009473684210526316
2023/24,SOURCE_OF_IGNITION,"Solids; coal, coke, wood, card",123,0.00924812030075188
2023/24,SOURCE_OF_IGNITION,"Kiln, oven, furnace",117,0.008796992481203008
2023/24,SOURCE_OF_IGNITION,Other cooking appliance,117,0.008796992481203008
2023/24,SOURCE_OF_IGNITION,Fridge/Freezer,106,0.007969924812030075
2023/24,SOURCE_OF_IGNITION,Industrial dryer,100,0.007518796992481203
2023/24,SOURCE_OF_IGNITION,Barbecue,91,0.006842105263157895
2023/24,SOURCE_OF_IGNITION,Other lights,84,0.00631578947368421
2023/24,SOURCE_OF_IGNITION,Candles,73,0.005488721804511278
2023/24,SOURCE_OF_IGNITION,Spot lights,65,0.004887218045112782
2023/24,SOURCE_OF_IGNITION,Extractor fan,63,0.004736842105263158
2023/24,SOURCE_OF_IGNITION,Battery charger,52,0.003909774436090226
2023/24,SOURCE_OF_IGNITION,Electric kettle,51,0.0038345864661654136
2023/24,SOURCE_OF_IGNITION,Wet hay,47,0.0035338345864661656
2023/24,SOURCE_OF_IGNITION,Central heating/Hot water,46,0.0034586466165413532
2023/24,SOURCE_OF_IGNITION,Gases,44,0.0033082706766917294
2023/24,SOURCE_OF_IGNITION,Vehicle - Electrical fault,43,0.003233082706766917
2023/24,SOURCE_OF_IGNITION,Other domestic style appliance,40,0.0030075187969924814
2023/24,SOURCE_OF_IGNITION,Fireworks ,34,0.002556390977443609
2023/24,SOURCE_OF_IGNITION,Heating equipment - Power Source,33,0.002481203007518797
2023/24,SOURCE_OF_IGNITION,Dishwasher,31,0.002330827067669173
2023/24,SOURCE_OF_IGNITION,Other incandescent light bulbs,31,0.002330827067669173
2023/24,SOURCE_OF_IGNITION,Blow lamp/Paint remover,30,0.002255639097744361
2023/24,SOURCE_OF_IGNITION,Flammable chemicals,30,0.002255639097744361
2023/24,SOURCE_OF_IGNITION,"Vehicle - Engine, fuel line or pump",26,0.001954887218045113
2023/24,SOURCE_OF_IGNITION,Separate water heating,25,0.0018796992481203006
2023/24,SOURCE_OF_IGNITION,Vehicle - Unknown,25,0.0018796992481203006
2023/24,SOURCE_OF_IGNITION,Other computer equipment,24,0.0018045112781954887
2023/24,SOURCE_OF_IGNITION,Camping stove,22,0.0016541353383458647
2023/24,SOURCE_OF_IGNITION,Domestic style gardening appliance,21,0.0015789473684210526
2023/24,SOURCE_OF_IGNITION,Intentional burning - out of control,20,0.0015037593984962407
2023/24,SOURCE_OF_IGNITION,Chimney Fires,19,0.0014285714285714286
2023/24,SOURCE_OF_IGNITION,Washing machine,19,0.0014285714285714286
2023/24,SOURCE_OF_IGNITION,Oil/Incense burners,18,0.0013533834586466164
2023/24,SOURCE_OF_IGNITION,Food warming equipment (not cooking),14,0.0010526315789473684
2023/24,SOURCE_OF_IGNITION,Industrial lift,14,0.0010526315789473684
2023/24,SOURCE_OF_IGNITION,Patio equipment,14,0.0010526315789473684
2023/24,SOURCE_OF_IGNITION,Vacuum cleaner,14,0.0010526315789473684
2023/24,SOURCE_OF_IGNITION,Copiers/ Printers,13,0.0009774436090225565
2023/24,SOURCE_OF_IGNITION,Personal Computer,13,0.0009774436090225565
2023/24,SOURCE_OF_IGNITION,Hair dryer,12,0.0009022556390977444
2023/24,SOURCE_OF_IGNITION,PC equipment (domestic use),12,0.0009022556390977444
2023/24,SOURCE_OF_IGNITION,Incendiary device,8,0.0006015037593984962
2023/24,SOURCE_OF_IGNITION,Spin dryer,8,0.0006015037593984962
2023/24,SOURCE_OF_IGNITION,Washer/Dryer combined,8,0.0006015037593984962
2023/24,SOURCE_OF_IGNITION,Vehicle - Exhausts,6,0.0004511278195488722
2023/24,SOURCE_OF_IGNITION,Vending equipment,6,0.0004511278195488722
2023/24,SOURCE_OF_IGNITION,Fairy lights,5,0.00037593984962406017
2023/24,SOURCE_OF_IGNITION,Other electrical visual equipment,5,0.00037593984962406017
2023/24,SOURCE_OF_IGNITION,Audio equipment,4,0.0003007518796992481
2023/24,SOURCE_OF_IGNITION,Bomb/Explosives,4,0.0003007518796992481
2023/24,SOURCE_OF_IGNITION,Vehicle - Wheels or brakes,4,0.0003007518796992481
2023/24,SOURCE_OF_IGNITION,Telephone/Answering machine/Fax machine,2,0.00015037593984962405
2023/24,SOURCE_OF_IGNITION,Vehicle - Other non electrical,2,0.00015037593984962405
2023/24,SOURCE_OF_IGNITION,Electric blanket,1,7.518796992481203e-05
2023/24,SOURCE_OF_IGNITION,Iron,1,7.518796992481203e-05
2023/24,SOURCE_OF_IGNITION,TV,1,7.518796992481203e-05
2024/25,SOURCE_OF_IGNITION,Unspecified,2424,0.18373379822633215
2024/25,SOURCE_OF_IGNITION,"Wiring, cabling, plugs",1341,0.1016448116425377
2024/25,SOURCE_OF_IGNITION,"Naked flame - Lighted paper, card or other naked flame",1091,0.08269536875615857
2024/25,SOURCE_OF_IGNITION,Smoking materials,1065,0.08072462669597513
2024/25,SOURCE_OF_IGNITION,Other,816,0.061850981581141516
2024/25,SOURCE_OF_IGNITION,"Apparatus - batteries, generators",756,0.05730311528841052
2024/25,SOURCE_OF_IGNITION,Cigarette lighters,446,0.03380580610930039
2024/25,SOURCE_OF_IGNITION,Cooker incl. oven,433,0.03282043507920867
2024/25,SOURCE_OF_IGNITION,Spread from secondary fire,433,0.03282043507920867
2024/25,SOURCE_OF_IGNITION,Deep fat fryer,294,0.02228454483438187
2024/25,SOURCE_OF_IGNITION,Matches,293,0.02220874706283635
2024/25,SOURCE_OF_IGNITION,Heater/Fire,211,0.015993329796103996
2024/25,SOURCE_OF_IGNITION,Fluorescent lights,189,0.01432577882210263
2024/25,SOURCE_OF_IGNITION,Other industrial equipment,188,0.014249981050557114
2024/25,SOURCE_OF_IGNITION,Tumble dryer,188,0.014249981050557114
2024/25,SOURCE_OF_IGNITION,Microwave oven,167,0.012658227848101266
2024/25,SOURCE_OF_IGNITION,Other appliance or equipment,166,0.01258243007655575
2024/25,SOURCE_OF_IGNITION,Welding/Cutting equipment,157,0.0119002501326461
2024/25,SOURCE_OF_IGNITION,Liquids; petrol/oil related,155,0.011748654589555067
2024/25,SOURCE_OF_IGNITION,Other heating equipment,147,0.011142272417190935
2024/25,SOURCE_OF_IGNITION,Ring/hot plate (separate appliance),145,0.010990676874099901
2024/25,SOURCE_OF_IGNITION,Manufacturing equipment,136,0.010308496930190252
2024/25,SOURCE_OF_IGNITION,Other cooking appliance,122,0.00924732812855302
2024/25,SOURCE_OF_IGNITION,Fridge/Freezer,119,0.009019934813916471
2024/25,SOURCE_OF_IGNITION,Natural occurrence,118,0.008944137042370954
2024/25,SOURCE_OF_IGNITION,"Solids; coal, coke, wood, card",116,0.00879254149927992
2024/25,SOURCE_OF_IGNITION,"Kiln, oven, furnace",108,0.008186159326915788
2024/25,SOURCE_OF_IGNITION,Grill/Toaster,99,0.00750397938300614
2024/25,SOURCE_OF_IGNITION,Other lights,83,0.006291215038277875
2024/25,SOURCE_OF_IGNITION,Industrial dryer,81,0.006139619495186842
2024/25,SOURCE_OF_IGNITION,Candles,75,0.0056848328659137425
2024/25,SOURCE_OF_IGNITION,Barbecue,71,0.005381641779731676
2024/25,SOURCE_OF_IGNITION,Battery charger,59,0.004472068521185477
2024/25,SOURCE_OF_IGNITION,Fireworks ,58,0.00439627074963996
2024/25,SOURCE_OF_IGNITION,Spot lights,57,0.004320472978094444
2024/25,SOURCE_OF_IGNITION,Central heating/Hot water,48,0.003638293034184795
2024/25,SOURCE_OF_IGNITION,Electric kettle,48,0.003638293034184795
2024/25,SOURCE_OF_IGNITION,Extractor fan,47,0.0035624952626392785
2024/25,SOURCE_OF_IGNITION,Other domestic style appliance,43,0.0032593041764572123
2024/25,SOURCE_OF_IGNITION,Heating equipment - Power Source,38,0.0028803153187296295
2024/25,SOURCE_OF_IGNITION,Vehicle - Electrical fault,35,0.00265292200409308
2024/25,SOURCE_OF_IGNITION,Flammable chemicals,33,0.0025013264610020463
2024/25,SOURCE_OF_IGNITION,Dishwasher,32,0.0024255286894565298
2024/25,SOURCE_OF_IGNITION,Gases,32,0.0024255286894565298
2024/25,SOURCE_OF_IGNITION,Other incandescent light bulbs,29,0.00219813537481998
2024/25,SOURCE_OF_IGNITION,Blow lamp/Paint remover,27,0.002046539831728947
2024/25,SOURCE_OF_IGNITION,Domestic style gardening appliance,26,0.0019707420601834304
2024/25,SOURCE_OF_IGNITION,Chimney Fires,25,0.001894944288637914
2024/25,SOURCE_OF_IGNITION,Camping stove,24,0.0018191465170923975
2024/25,SOURCE_OF_IGNITION,Intentional burning - out of control,21,0.0015917532024558479
2024/25,SOURCE_OF_IGNITION,Separate water heating,20,0.0015159554309103313
2024/25,SOURCE_OF_IGNITION,"Vehicle - Engine, fuel line or pump",20,0.0015159554309103313
2024/25,SOURCE_OF_IGNITION,Vehicle - Unknown,20,0.0015159554309103313
2024/25,SOURCE_OF_IGNITION,Wet hay,20,0.0015159554309103313
2024/25,SOURCE_OF_IGNITION,Oil/Incense burners,19,0.0014401576593648148
2024/25,SOURCE_OF_IGNITION,Other computer equipment,18,0.0013643598878192982
2024/25,SOURCE_OF_IGNITION,Washing machine,16,0.0012127643447282649
2024/25,SOURCE_OF_IGNITION,Food warming equipment (not cooking),13,0.0009853710300917152
2024/25,SOURCE_OF_IGNITION,PC equipment (domestic use),13,0.0009853710300917152
2024/25,SOURCE_OF_IGNITION,TV,12,0.0009095732585461988
2024/25,SOURCE_OF_IGNITION,Hair dryer,11,0.0008337754870006822
2024/25,SOURCE_OF_IGNITION,Copiers/ Printers,10,0.0007579777154551657
2024/25,SOURCE_OF_IGNITION,Patio equipment,10,0.0007579777154551657
2024/25,SOURCE_OF_IGNITION,Industrial lift,9,0.0006821799439096491
2024/25,SOURCE_OF_IGNITION,Vehicle - Exhausts,9,0.0006821799439096491
2024/25,SOURCE_OF_IGNITION,Audio equipment,8,0.0006063821723641324
2024/25,SOURCE_OF_IGNITION,Washer/Dryer combined,7,0.0005305844008186159
2024/25,SOURCE_OF_IGNITION,Personal Computer,6,0.0004547866292730994
2024/25,SOURCE_OF_IGNITION,Spin dryer,6,0.0004547866292730994
2024/25,SOURCE_OF_IGNITION,Vacuum cleaner,6,0.0004547866292730994
2024/25,SOURCE_OF_IGNITION,Fairy lights,4,0.0003031910861820662
2024/25,SOURCE_OF_IGNITION,Incendiary device,4,0.0003031910861820662
2024/25,SOURCE_OF_IGNITION,Other electrical visual equipment,4,0.0003031910861820662
2024/25,SOURCE_OF_IGNITION,Telephone/Answering machine/Fax machine,3,0.0002273933146365497
2024/25,SOURCE_OF_IGNITION,Iron,2,0.0001515955430910331
2024/25,SOURCE_OF_IGNITION,Vehicle - Other non electrical,2,0.0001515955430910331
2024/25,SOURCE_OF_IGNITION,Vehicle - Wheels or brakes,2,0.0001515955430910331
2024/25,SOURCE_OF_IGNITION,Vending equipment,2,0.0001515955430910331
2024/25,SOURCE_OF_IGNITION,Bomb/Explosives,1,7.579777154551656e-05
2024/25,SOURCE_OF_IGNITION,Electric blanket,1,7.579777154551656e-05
2025/26,SOURCE_OF_IGNITION,Unspecified,2387,0.17450106001900723
2025/26,SOURCE_OF_IGNITION,"Wiring, cabling, plugs",1462,0.10687915783317493
2025/26,SOURCE_OF_IGNITION,"Naked flame - Lighted paper, card or other naked flame",1124,0.08216974925067622
2025/26,SOURCE_OF_IGNITION,Smoking materials,1083,0.07917245412676366
2025/26,SOURCE_OF_IGNITION,"Apparatus - batteries, generators",804,0.05877622633233424
2025/26,SOURCE_OF_IGNITION,Other,776,0.05672929307697931
2025/26,SOURCE_OF_IGNITION,Spread from secondary fire,612,0.044740112581329046
2025/26,SOURCE_OF_IGNITION,Cooker incl. oven,440,0.03216609401272023
2025/26,SOURCE_OF_IGNITION,Cigarette lighters,335,0.024490094305139265
2025/26,SOURCE_OF_IGNITION,Matches,272,0.019884494480590688
2025/26,SOURCE_OF_IGNITION,Deep fat fryer,268,0.01959207544411141
2025/26,SOURCE_OF_IGNITION,Other industrial equipment,236,0.017252723152277213
2025/26,SOURCE_OF_IGNITION,Heater/Fire,194,0.014182323269244828
2025/26,SOURCE_OF_IGNITION,Microwave oven,191,0.013963008991885371
2025/26,SOURCE_OF_IGNITION,Other appliance or equipment,187,0.013670589955406097
2025/26,SOURCE_OF_IGNITION,Other heating equipment,181,0.013231961400687185
2025/26,SOURCE_OF_IGNITION,Other cooking appliance,178,0.013012647123327729
2025/26,SOURCE_OF_IGNITION,Welding/Cutting equipment,176,0.01286643760508809
2025/26,SOURCE_OF_IGNITION,Tumble dryer,161,0.011769866218290811
2025/26,SOURCE_OF_IGNITION,Liquids; petrol/oil related,159,0.011623656700051173
2025/26,SOURCE_OF_IGNITION,Natural occurrence,154,0.01125813290445208
2025/26,SOURCE_OF_IGNITION,"Solids; coal, coke, wood, card",148,0.010819504349733168
2025/26,SOURCE_OF_IGNITION,Fluorescent lights,145,0.010600190072373712
2025/26,SOURCE_OF_IGNITION,Manufacturing equipment,145,0.010600190072373712
2025/26,SOURCE_OF_IGNITION,Grill/Toaster,123,0.0089918853717377
2025/26,SOURCE_OF_IGNITION,Ring/hot plate (separate appliance),120,0.008772571094378245
2025/26,SOURCE_OF_IGNITION,Fridge/Freezer,118,0.008626361576138606
2025/26,SOURCE_OF_IGNITION,Other lights,104,0.0076028949484611445
2025/26,SOURCE_OF_IGNITION,"Kiln, oven, furnace",98,0.007164266393742232
2025/26,SOURCE_OF_IGNITION,Barbecue,96,0.007018056875502595
2025/26,SOURCE_OF_IGNITION,Candles,82,0.005994590247825134
2025/26,SOURCE_OF_IGNITION,Industrial dryer,80,0.005848380729585496
2025/26,SOURCE_OF_IGNITION,Other domestic style appliance,63,0.004605599824548578
2025/26,SOURCE_OF_IGNITION,Electric kettle,60,0.004386285547189122
2025/26,SOURCE_OF_IGNITION,Extractor fan,60,0.004386285547189122
2025/26,SOURCE_OF_IGNITION,Fireworks ,60,0.004386285547189122
2025/26,SOURCE_OF_IGNITION,Intentional burning - out of control,52,0.0038014474742305722
2025/26,SOURCE_OF_IGNITION,Vehicle - Electrical fault,52,0.0038014474742305722
2025/26,SOURCE_OF_IGNITION,Battery charger,48,0.0035090284377512974
2025/26,SOURCE_OF_IGNITION,Central heating/Hot water,44,0.0032166094012720226
2025/26,SOURCE_OF_IGNITION,Spot lights,42,0.003070399883032385
2025/26,SOURCE_OF_IGNITION,Gases,41,0.002997295123912567
2025/26,SOURCE_OF_IGNITION,Heating equipment - Power Source,38,0.002777980846553111
2025/26,SOURCE_OF_IGNITION,Blow lamp/Paint remover,34,0.002485561810073836
2025/26,SOURCE_OF_IGNITION,Flammable chemicals,32,0.0023393522918341986
2025/26,SOURCE_OF_IGNITION,Domestic style gardening appliance,27,0.001973828496235105
2025/26,SOURCE_OF_IGNITION,Separate water heating,26,0.0019007237371152861
2025/26,SOURCE_OF_IGNITION,Wet hay,26,0.0019007237371152861
2025/26,SOURCE_OF_IGNITION,Other incandescent light bulbs,23,0.00168140945975583
2025/26,SOURCE_OF_IGNITION,Vehicle - Unknown,22,0.0016083047006360113
2025/26,SOURCE_OF_IGNITION,Chimney Fires,21,0.0015351999415161926
2025/26,SOURCE_OF_IGNITION,Dishwasher,21,0.0015351999415161926
2025/26,SOURCE_OF_IGNITION,Other computer equipment,21,0.0015351999415161926
2025/26,SOURCE_OF_IGNITION,Washing machine,18,0.0013158856641567367
2025/26,SOURCE_OF_IGNITION,Oil/Incense burners,17,0.001242780905036918
2025/26,SOURCE_OF_IGNITION,Audio equipment,15,0.0010965713867972806
2025/26,SOURCE_OF_IGNITION,Camping stove,15,0.0010965713867972806
2025/26,SOURCE_OF_IGNITION,Patio equipment,15,0.0010965713867972806
2025/26,SOURCE_OF_IGNITION,"Vehicle - Engine, fuel line or pump",15,0.0010965713867972806
2025/26,SOURCE_OF_IGNITION,Food warming equipment (not cooking),14,0.0010234666276774619
2025/26,SOURCE_OF_IGNITION,Hair dryer,14,0.0010234666276774619
2025/26,SOURCE_OF_IGNITION,Personal Computer,11,0.0008041523503180057
2025/26,SOURCE_OF_IGNITION,Vacuum cleaner,10,0.000731047591198187
2025/26,SOURCE_OF_IGNITION,Industrial lift,9,0.0006579428320783683
2025/26,SOURCE_OF_IGNITION,Spin dryer,9,0.0006579428320783683
2025/26,SOURCE_OF_IGNITION,Other electrical visual equipment,8,0.0005848380729585496
2025/26,SOURCE_OF_IGNITION,PC equipment (domestic use),8,0.0005848380729585496
2025/26,SOURCE_OF_IGNITION,Fairy lights,7,0.0005117333138387309
2025/26,SOURCE_OF_IGNITION,Vehicle - Exhausts,7,0.0005117333138387309
2025/26,SOURCE_OF_IGNITION,Telephone/Answering machine/Fax machine,6,0.0004386285547189122
2025/26,SOURCE_OF_IGNITION,Vehicle - Wheels or brakes,5,0.0003655237955990935
2025/26,SOURCE_OF_IGNITION,Iron,4,0.0002924190364792748
2025/26,SOURCE_OF_IGNITION,Copiers/ Printers,3,0.0002193142773594561
2025/26,SOURCE_OF_IGNITION,Incendiary device,3,0.0002193142773594561
2025/26,SOURCE_OF_IGNITION,TV,3,0.0002193142773594561
2025/26,SOURCE_OF_IGNITION,Washer/Dryer combined,3,0.0002193142773594561
2025/26,SOURCE_OF_IGNITION,Bomb/Explosives,2,0.0001462095182396374
2025/26,SOURCE_OF_IGNITION,Vehicle - Other non electrical,2,0.0001462095182396374
2025/26,SOURCE_OF_IGNITION,Vending equipment,2,0.0001462095182396374
2025/26,SOURCE_OF_IGNITION,Video/DVD,2,0.0001462095182396374
